ATR1,ATR2,ATR3,ATR4,ATR5,ATR6,LV1,LV2,LV3,LV4,LV5,LV6,RV1,RV2,RV3,RV4,RV5,RV6,AOR1,AOR2,AOR3,AOR4,AOR5,AOR6,transcript,gene
0,0.012471592,0.018376098,0.027624743,0,0,0,0.02066271,0,0.031403027,0.024413797,0.048641072,0,0,0.034665819,0,0.021038482,0,0,0,0.042714998,0,0.010979941,0,uc012agt,2310005G13Rik
5.713014298,6.830040807,5.00796785,6.16617199,7.429730615,6.922254041,4.46773484,4.129495031,3.432508623,5.053382214,5.069256394,5.260304003,3.861613702,4.18817254,4.678684466,6.466468053,4.859855492,5.439516575,5.929143817,7.533126195,7.058484251,7.230668907,7.523551205,9.600381937,uc007jdl,2310033P09Rik
0,0,0,0,0,0.052197874,0,0,0,0,0,0,0,0,0,0,0,0,0.040347361,0.039655769,0,0,0,0,uc029vxr,4930471M09Rik
4.311498078,4.310048434,3.869886017,4.13943916,4.236797524,3.843653655,6.051422946,7.531323956,5.355921878,3.942527658,4.482233954,4.859092283,4.418683039,4.146721817,5.241309169,4.380140586,4.714577501,4.770785842,4.136872725,6.505540539,5.381922707,6.028335341,5.513955239,6.071021315,uc029tpp,4930503L19Rik
0,0,0,0,0,0,0,0,0,0,0,0,0,0,0,0,0,0,0,0,0,0.034762831,0,0,uc007dxa,9130409I23Rik
1.284812211,1.076671858,0.656444479,1.274657195,1.437366542,0.911967287,0.640533611,0.553596394,0.761983758,0.981576783,0.508741108,0.868796087,0.22145391,0.347249991,0.361187722,0.344963541,0.563664105,0.183495707,0.290262344,0.285286974,0.211930083,0.030489766,0.424919662,0.118825456,uc011zpo,9330188P03Rik
0.113550419,0.071590106,0.145039767,0.109018963,0.123733459,0.193954229,0.167255992,0.148261503,0.214274337,0.214060354,0.262765114,0.174507568,0.071170455,0.09764875,0.074621478,0.110863756,0.015095779,0.088457276,0.169910115,0.392935755,0.234978483,0.705509686,0.228475233,0.57281864,uc009bzg,9430076C15Rik
0.607658928,0.322863354,0.325491682,0.432851904,0.399427728,0.491066291,0.171016694,0.197073655,0.145316276,0.278117376,0.232850203,0.220914967,0.13514559,0.15893591,0.212548105,0.184204305,0.114661508,0.307947815,0.778137424,0.839413994,1.008801538,1.032679606,0.613376482,0.888309087,uc008eva,A930012L18Rik
2.455430996,2.452150808,2.509089042,2.187706298,1.883643915,2.681983839,2.25241196,1.862061406,1.747491365,1.779436093,1.866749907,2.390938618,0.914166245,1.221091322,1.017660022,1.107568402,0.947962439,1.234402094,0.665671589,0.429943174,2.546790487,0.419541249,0.239873779,0.526848264,uc009rhh,Ackr4
2.746496785,2.742827764,2.806515434,2.44703611,2.106930297,2.99990511,2.519411956,2.082789406,1.987215583,1.990369722,2.088033679,2.674359506,1.022531139,1.36583899,1.138293026,1.238859108,1.092464838,1.380727615,0.744580028,0.501817526,2.848685993,0.469273498,0.268308319,0.67058349,uc009rhi,Ackr4
0,0,0,0,0,0,0,0,0,0,0,0.034403358,0,0,0,0,0,0,0.147780847,0,0.030211904,0,0.023298017,0,uc007oeh,Acot5
1.392515634,1.527137879,1.371514219,1.852393016,1.669133905,1.849339294,1.087345616,1.421694691,1.24376422,1.501489923,1.366606919,1.342478337,1.792905391,1.541712851,1.152161557,1.846883008,1.545688607,1.389748562,1.916806402,2.426783744,2.324632074,2.460508667,1.741429791,2.358497447,uc009nnd,Adat1
24.50506046,25.97253449,26.07858194,27.77743375,31.04147677,27.97738223,21.06994431,23.0374341,21.1230009,22.57035847,21.13298564,24.31009277,23.7775772,24.08229596,25.21761983,22.61053182,26.59247074,26.20365046,25.31695879,36.6024787,34.74068041,33.43633997,35.64396145,35.27097574,uc008bwg,Akap8
0,0,0,0,0,0,0,0,0,0,0,0,0,0,0,0,0,0,0,0,0,0,0,0,uc011wln,Als2cr11
0.065143712,0.075297091,0.083209106,0.125088045,0,0.135998209,0.216512767,0.062375435,0.128782634,0.165895982,0.147398013,0.195779937,0.074855711,0.176065834,0.02616181,0.02915109,0.031754898,0.124050206,0.65175924,1.177854387,1.053056151,1.484082934,1.193242785,1.385703048,uc009mdd,Ankle1
0.067028294,0.077475407,0.085616312,0.128706792,0,0.139932583,0.222776396,0.032089966,0.132508265,0.121925205,0.151662179,0.15108283,0.077021257,0.181159349,0.026918661,0.029994419,0.032673554,0.12763893,0.670614377,1.169405416,1.061407983,1.527016867,1.227762827,1.42579089,uc009mdc,Ankle1
0,0,0,0,0,0,0,0,0,0,0,0,0,0,0,0,0,0,0,0,0,0,0,0,uc008rkl,Arhgef38
33.28671125,30.56282876,35.95139646,31.64330583,28.79894809,30.23221994,70.11457628,75.82300904,70.2731677,71.46493871,64.6542074,79.71293343,57.1854048,60.45291767,57.80594934,54.18153165,62.16674526,63.42108271,44.90156508,40.87058964,44.67092633,37.35051518,45.38362125,37.46140012,uc008joa,Arpc5l
0.032709807,0.066163997,0.125342281,0.094213372,0.117622482,0.136574201,0.095125521,0.140939129,0.064664033,0.0951992,0.074011143,0.086016491,0.131552307,0.029468588,0.14449937,0.131735489,0.015944694,0.077859747,0.084454146,0.051879077,0.032372943,0.007762336,0.008321504,0.010083854,uc008rmf,Bank1
22.75951328,22.40251002,24.42139159,22.44948263,24.56827227,23.25047709,25.50529589,29.81532532,26.1596448,24.08824425,24.37575077,29.45701742,25.43663803,31.59843854,26.98613826,25.75508051,30.8850875,32.87962566,19.62303739,21.09675685,21.4865007,20.84926023,22.4012168,21.07939488,uc008qsu,Bcas2
21.9657445,21.41357057,21.41329744,23.61061132,22.061931,24.65409445,23.9493218,25.74380109,24.9857977,25.88443703,23.17508881,25.07621368,22.47001804,23.4926391,24.64505088,22.59364562,23.45956044,24.17182323,16.37279637,19.27864711,17.19812622,19.79291741,21.26883045,18.6956915,uc007qji,Bicd2
30.06761148,29.23945098,29.33997263,32.36324862,30.07047213,33.69141769,32.82245863,35.39981436,34.29969572,35.36090362,31.4651491,34.34747483,30.86607747,32.04977172,33.81055066,30.74038051,31.91578152,32.99545206,22.10141331,25.28460934,22.94601759,26.43708332,28.62250128,24.62042824,uc007qjg,Bicd2
29.39295526,28.583377,28.68164314,31.63708295,29.39575172,32.93545061,32.08598922,34.60551432,33.53008011,34.56747666,30.75913497,33.57678715,30.17350529,31.33063984,33.05191047,30.05062871,31.19965611,32.25510103,21.60550242,24.71727398,22.43115549,25.84388879,27.9802704,24.06799576,uc007qjh,Bicd2
0,0,0,0,0,0.027443988,0,0,0,0,0,0,0,0,0,0,0,0,0,0,0,0,0,0,uc012cgs,Bpifb4
0,0,0,0,0,0.03924546,0,0,0,0,0,0,0,0,0,0,0,0,0,0,0,0,0,0,uc008niq,Bpifb4
19.09040478,18.71122815,18.38765765,18.08270031,18.24180251,18.55117926,39.68361372,37.29684124,40.15657746,39.1154412,41.93619892,33.91830732,41.8902604,40.29974746,43.61296931,41.45864128,35.33585553,32.85527655,2.272830535,8.790431701,6.167187718,9.970771324,6.831297499,9.766743724,uc009dls,Cacna1c
0.205950639,0.223172213,0.295947052,0.123582355,0.27771975,0.193480119,0.096257968,0.147899086,0.038169742,0.084290959,0.043687133,0.058026998,0.044372802,0,0.031016279,0.034560236,0.037647195,0.073534206,0.074777109,0.097993811,0.025478706,0.164949634,0.216127941,0.071427302,uc007lst,Ccdc103
0.717320337,1.150407846,1.007869219,1.067476072,1.03177616,1.168068827,0.536422111,0.360589877,0.638131909,0.430588489,0.304322136,0.687161818,0.61819693,0.533148787,0.388903807,0.770382975,0.472046874,1.126917391,4.062966732,2.662215774,3.40767826,3.064079897,3.202683953,3.847786551,uc007muu,Ccdc57
0.656125929,0.971687864,0.820620145,0.918665296,0.835616946,1.010205929,0.357772977,0.255224087,0.52694511,0.47740012,0.417540742,0.492972726,0.494776375,0.424860535,0.428189338,0.550517037,0.499741529,0.585670664,2.448453995,1.821123929,2.245733689,2.063086873,1.815266052,2.452548071,uc007muv,Ccdc57
9.534751801,10.36747105,7.620506113,11.66512814,11.39614258,10.95363634,8.250682942,7.82534847,7.310818298,11.89290423,11.78859151,11.08346363,7.982408806,7.694142521,7.352006865,11.22750532,9.91973714,11.4386542,18.46348358,20.60980954,16.93188049,25.8333819,26.9458212,24.36338663,uc011xri,Ccm2
8.822925371,9.576765994,7.229000002,11.15207174,10.54594463,10.18479344,7.94705781,7.5251055,7.108732739,11.16686621,10.9462481,10.33344779,7.412032828,7.247307955,7.146150673,10.41783761,9.252174685,11.01248262,17.1329311,18.90888585,15.67857622,23.94628826,24.87907671,22.58245582,uc007hyv,Ccm2
9.127750756,9.868532878,7.253766591,11.07884349,10.84769924,10.39400749,7.85361594,7.448750838,6.882087775,11.29225267,11.26526636,10.55006806,7.598252591,7.288816832,6.935705133,10.6871777,9.404425251,10.88816496,17.60002901,19.61795525,16.11702782,24.53475816,25.6292532,23.19089013,uc007hyw,Ccm2
0.039203802,0.033985616,0.050075643,0.037639296,0,0,0,0,0,0.042787289,0,0.044182993,0.067572795,0,0,0,0,0.055990512,0.113873769,0.074614577,0.038800059,0.02791026,0,0.181287569,uc007hyx,Ccm2
1.67314687,1.608101188,1.742231471,1.955588919,2.506889421,1.503495427,2.040004024,1.645580491,1.887514711,1.349713938,1.357936009,1.680687774,1.755407547,1.794079528,1.555683066,1.220730479,1.515934939,1.870100675,2.148227764,4.551635628,4.1037915,4.531583364,3.581055221,3.565758565,uc009jkl,Ccp110
0.104661533,0.022682664,0.066842925,0.100484806,0.156815217,0.327747236,0.06522279,0.225481385,0.077589538,0.028557072,0.044402507,0.088465779,0.315695824,0.106076931,0.126096673,0.281009261,0.153054661,0.112107484,0.684014205,0.199196906,0.440230598,0.279417788,0.599091874,0.169392811,uc007kmx,Cct6b
0.935813314,0.965111032,1.215938447,0.975921942,0.986330588,1.111567534,0.844603337,0.76472891,0.837288907,0.915695652,0.848795973,1.181956608,1.056789572,0.806743626,0.719249366,1.018034814,0.920206511,0.944781401,1.530951943,1.397230702,1.277483842,0.735151574,1.280677087,0.686418362,uc008ylx,Cdc7
1.596669387,1.476422602,1.284099003,1.703279016,1.65866313,1.718506413,2.432245737,1.817595966,1.841266265,2.465478271,2.508832307,2.359290651,2.160880705,2.157682757,1.852427074,2.810334677,2.698145075,2.466154826,7.477710851,3.736670603,4.190525225,2.458667343,5.695812224,2.351741186,uc008yio,Cds1
0.380010224,0.620102241,0.656708365,0.472152559,0.643055861,0.448000275,0,0.032105446,0,0.048793609,0.037933835,0,0,0.03020779,0,0,0.130757263,0.031925125,0.043286315,0,0.022123333,0.063656395,0.017060487,0,uc008rin,Cfi
15.45074738,14.81750348,15.89069007,14.19337032,14.73598672,13.64365059,11.99515967,12.11652026,10.26179466,9.46224589,9.502564973,9.033758039,11.97547979,11.40034942,10.88763864,10.24113928,10.61907922,9.894232295,11.02431921,13.23615099,12.32577792,12.38725902,12.40854484,11.33907134,uc007bcn,Cflar
0.090185391,0.071073953,0.115195243,0.03148595,0.068791162,0.010269645,0.05109234,0.058877025,0.036467906,0.053688509,0.055652399,0.120119582,0.042394397,0.055396982,0.098777958,0.022012889,0.011989553,0.035127805,20.68674573,6.951631048,9.193431002,3.583831407,10.97534477,3.252899425,uc007sup,Chdh
0.093528042,0.073708254,0.119464865,0.032652953,0.071340853,0.010650282,0.052986037,0.061059256,0.037819561,0.055678431,0.057715112,0.12457172,0.043965712,0.057450228,0.102439086,0.02282878,0.012433936,0.03642979,21.45348383,7.209287832,9.534178352,3.72271652,11.38213736,3.373465606,uc007suq,Chdh
0.090618281,0.071415108,0.115748181,0.031637083,0.06912136,0.01031894,0.051337583,0.059159634,0.036642952,0.053946214,0.055919531,0.120696156,0.04259789,0.055662888,0.099252093,0.022118551,0.012047102,0.035296419,20.80199456,6.984998877,9.23755947,3.601033797,11.03431378,3.276132255,uc007sur,Chdh
4.452675824,4.488379698,4.43093911,4.274982927,4.033918153,3.923647097,6.420782871,5.577200174,6.947319511,5.537774717,5.359605842,4.638918103,4.551310853,4.68781022,5.582930213,4.100890601,3.14217372,2.920827941,1.228182676,5.345863511,4.432440724,7.261469941,2.864875194,6.823502041,uc008opu,Chmp4c
7.246160784,6.457624343,8.374147871,4.910815275,4.354957092,4.779797936,9.714338917,8.745675261,9.329266756,6.047682451,4.925566401,4.941063687,7.276906276,7.762449327,8.730206247,6.212667959,3.235383133,4.029403904,1.080878047,1.545237499,1.225388465,1.228271479,0.666121237,0.675790506,uc008kwa,Ckap5
10.78338902,9.999868492,13.14196988,7.351619871,7.565550827,8.178706976,14.40170447,13.52689336,14.81481444,9.264087434,7.554777523,7.782356981,11.49297251,12.16585848,12.75349131,9.163922588,5.497583581,6.01900393,1.858252654,2.297122223,1.919062191,2.056588098,1.208074819,1.317531789,uc008kwb,Ckap5
10.76417562,9.300825196,11.85591391,6.742909317,5.795522577,7.161564176,13.76789515,12.72292595,13.97134652,8.358478921,6.588006382,6.721939364,10.28043133,11.30321202,12.33091974,8.622950031,4.644970006,5.040425361,1.537686161,2.25020062,1.851232678,1.658290308,0.942744601,0.881281259,uc008kwc,Ckap5
15.33121983,15.6726139,17.53093685,12.60889519,14.18790268,13.7851275,19.10816521,19.6719052,19.952497,14.72560613,14.40738817,14.67393994,17.41448628,17.78554936,18.56449502,15.46461536,13.12643271,13.31263168,7.121845943,8.689370657,9.560034889,8.923381471,6.565662549,8.132091194,uc008kwe,Ckap5
15.34433433,15.78102313,17.65505443,12.65571347,14.24837893,13.81152213,19.17770808,19.82129293,20.03999347,14.76709273,14.48636902,14.72766897,17.46029564,17.89026909,18.70118779,15.51868145,13.149355,13.33978672,7.135623372,8.678635217,9.589130248,8.872943185,6.536864284,8.158107574,uc008kwd,Ckap5
19.56776395,19.83428088,20.76388492,18.41590548,19.98126609,20.25837096,22.11812026,26.04309994,24.30678266,20.75395016,21.5911752,23.39051352,23.35716636,23.60865621,24.0741005,22.74923948,23.12645449,23.96540636,14.21611259,19.72424572,21.93384214,20.21836496,16.36669761,19.4244825,uc008kwf,Ckap5
0.018791117,0,0,0,0,0,0,0,0,0,0,0,0,0,0,0,0,0,0.181939437,0,0.092987976,0,0.028683204,0,uc009eew,Clec2g
9.774918331,9.259716931,9.414590101,8.564919458,9.874130032,9.479264102,9.808651425,11.30314677,10.30485633,8.431485747,8.606129904,7.995781399,9.556444661,9.978128901,9.798224559,8.76597316,8.742005342,8.781572831,5.266411611,8.976977733,6.605536808,8.184345344,7.23973173,8.602868703,uc009bid,Cnot4
15.60608721,16.03376915,19.03245699,15.92933945,16.96644218,17.27977611,23.50022107,26.64096038,25.98174848,19.93917161,17.48991782,19.37401405,23.18096375,25.44417768,24.2247834,17.35758072,19.27796028,19.68307829,12.49293416,13.87541683,12.82281748,15.25310125,14.97990211,10.15991797,uc009lmq,Cnot7
19.91499943,20.77478603,24.87088956,20.98434311,21.96490599,22.35135448,30.99767753,35.29570967,34.13343643,25.97345503,22.8128422,25.2368815,29.95960926,33.53433537,32.05840613,22.51518024,25.5808635,26.0392075,16.29221917,17.80781393,16.45237081,20.20731755,19.67308384,12.80903015,uc009lms,Cnot7
20.55768271,21.15232543,25.24087968,20.92730476,22.17937627,22.71191915,30.96291829,35.09565627,34.23462678,26.30187118,22.86688388,25.48354174,30.2759171,33.40411343,31.91464883,22.84382753,25.42804057,25.819863,16.38981637,18.18146547,16.71839247,20.03094911,19.58192571,13.11729514,uc009lmr,Cnot7
21.13097237,21.74219782,25.94476909,21.51090203,22.79788991,23.34528375,31.82637752,36.07436467,35.18932376,27.03534834,23.50456995,26.19419824,31.12021801,34.33564998,32.80464886,23.48087064,26.13714932,26.53989846,16.84687723,18.68848984,17.1846163,20.55067716,20.12800455,13.48309559,uc009lmt,Cnot7
13.44928315,15.26285951,18.35027898,13.20603005,11.79759359,13.24751735,18.36266771,16.94595729,17.58426634,16.21322134,12.86407406,15.01965303,16.43784007,18.50533991,17.67682389,11.90002857,10.54916128,13.09646141,10.23992594,8.842713325,8.349486081,7.398796268,8.864926334,5.088488537,uc009lmu,Cnot7
1.125596024,0.763229645,0.911044317,0.781083285,0.761424999,0.558384181,0.555601545,0.512204627,0.346997654,0.43787511,0.302594862,0.489838294,0.557061149,0.406628237,0.469943621,0.598445649,0.407437177,0.413828862,0.787695371,0.933274394,0.926498382,0.293561158,0.714472532,0.35043698,uc012ehz,Col28a1
50.43476601,40.83299228,37.46445833,44.25636885,45.47530884,39.39168257,15.01191675,17.54847583,15.79969992,16.40358882,15.84517596,16.27363897,14.41866776,45.12446443,26.34641224,14.72499054,14.36515447,46.25218906,33.13718157,10.80134034,14.46274385,11.51558497,13.6961976,15.37693379,uc007qvy,Ctla2a
49.00515202,39.67361522,36.34134963,42.86948593,44.0548882,38.25917858,14.59643763,17.01431948,15.36241762,15.94959291,15.40663504,15.82323964,14.01960777,43.82996305,25.49524577,14.18152738,13.91822015,44.97208478,32.22005637,10.50239574,14.06246397,11.19687249,13.31713314,14.95135223,uc007qvx,Ctla2a
8.851936484,8.893018759,9.217222617,7.383138534,8.594560386,8.92395928,6.935908986,7.729203311,6.958957241,6.040249498,6.200661404,6.064979526,6.693251411,7.231033309,6.299446166,6.239314176,6.12589794,4.825454795,8.57062603,6.386894571,6.899677164,5.442086257,5.169023726,5.203282183,uc009jfw,Ctr9
11.52006452,10.71538024,11.1083382,9.973958274,11.56089191,10.7583945,7.709591642,8.296106875,8.212708196,7.76260922,7.571081787,8.040112876,7.819932389,8.359141771,7.361677746,7.797753766,7.942682664,7.141368427,12.42691203,11.85497225,11.518745,10.58746491,10.67571503,11.14265912,uc009jfx,Ctr9
0.113784883,0,0,0,0,0,0,0,0.04217651,0,0,0,0.04903072,0,0,0.038188106,0,0.040626633,0.055084426,0,0.028153266,0,0,0,uc007cno,Ctse
32.30083692,29.35683867,26.5141365,34.14173267,32.37737786,36.33481624,15.79653367,17.6778161,15.38846165,23.49012934,18.57251996,20.61978749,15.71045649,15.05954827,14.90918908,21.07851881,20.91811131,20.33408182,146.6447272,90.53699589,99.46023319,99.86972124,142.938103,107.2178669,uc008ofd,Ctsz
9.014131885,9.051786067,10.20632324,7.862677096,8.227975896,8.769294034,9.31391528,9.883536128,9.393466684,7.498046989,7.585733443,7.505480255,8.234128186,8.984248275,9.078770904,7.436304144,7.185679667,7.082676057,5.03836924,6.916573508,7.063867913,6.595556075,5.985548878,6.522080601,uc009mru,Cyld
9.055567473,8.918077922,10.09468035,7.751584922,8.193810751,8.76121974,9.386386897,9.993260396,9.43921293,7.547252046,7.574966015,7.566647223,8.3244988,9.097684735,9.183659385,7.392315828,7.20543238,7.202462059,5.036310585,6.934619303,7.151740868,6.690022021,6.082888821,6.530818459,uc009mrv,Cyld
9.164854829,9.178075603,10.36959475,7.977492393,8.358622866,8.908680279,9.462444088,10.04049136,9.541959197,7.604487539,7.702760077,7.630977429,8.371808892,9.111029786,9.216641717,7.560644643,7.305829539,7.176329194,5.122614496,7.032223726,7.16481292,6.701722108,6.063566297,6.631134606,uc009mrt,Cyld
7.377727119,7.516675259,8.505245842,6.729429074,6.974680377,7.470265108,7.824646895,8.166366932,7.776294799,6.607866002,6.582977072,6.489732185,7.26952514,7.634685071,7.53466263,6.521785615,6.47694736,6.662089714,4.633470069,6.428567808,6.524329363,6.439681908,5.806009312,6.236500386,uc009mrx,Cyld
4.127026422,5.175511238,5.297106776,3.635340879,3.602071982,3.688920549,4.719262228,4.834055732,4.930877169,3.520322789,3.365779136,3.251318172,3.660324514,4.277595442,4.392967137,3.899793194,3.398501665,3.032928322,2.191910055,2.955066297,2.894856813,2.053847588,2.171218083,2.63104459,uc009mry,Cyld
5.337320899,5.172638883,4.125428493,7.095218508,5.839824626,5.588409804,1.501010246,0.982790737,1.745031321,1.553383291,1.346998438,1.758290014,1.792734583,1.368557409,1.483944829,1.616757655,1.921274461,2.345450147,4.955694964,5.652153387,5.63451113,7.053959559,6.580279357,6.834744793,uc012apb,Cyp4f17
1.531704019,1.605159137,1.300185795,1.973181037,1.615190177,2.234331076,2.017792544,2.172074444,2.457875851,2.973107874,3.142183348,2.906205712,1.754489447,1.860281649,1.880443022,2.446691201,2.495111178,2.492163452,2.590604429,2.924438744,2.264300021,1.387233327,4.772243046,1.891777498,uc009llf,D8Ertd82e
13.84564528,16.23491123,11.55164661,19.36337007,17.68324947,17.40986905,8.811178387,8.161270813,9.057897311,13.65542647,14.21529517,13.01849228,11.03572275,9.697744004,10.44589706,12.71386929,13.49837257,13.37331925,26.81127414,35.03405693,28.77905597,39.86520238,37.38209132,42.83170859,uc009rqi,Dalrd3
0,0,0,0,0,0,0,0,0,0,0,0,0,0,0,0,0,0,0,0,0,0,0,0,uc007nwy,Dbpht2
19.32285135,19.2284763,20.80124356,17.55080369,19.64937252,18.57499199,16.21972892,16.88390265,16.8965514,13.86975356,13.51284718,15.94279388,16.97801854,17.92634304,16.13375876,15.27460557,16.77037973,15.81356228,24.45194045,24.46044129,27.21813614,23.21323793,22.88252097,24.28749922,uc007fho,Ddx50
0,0,0,0,0,0,0,0,0,0,0,0,0,0,0,0,0,0,0,0,0,0,0,0,uc009lac,Defb12
1.27002894,0.932363911,1.344549572,1.230331004,1.316597332,1.218208154,0.228167034,0.27936494,0.237500617,0.237263439,0.155332029,0.270792657,0.197212453,0.154619132,0.344625322,0.21504147,0.184052954,0.39218243,2.525804554,0.77306229,1.302244948,0.439865692,1.257471656,0.349200143,uc008qwa,Dennd2d
1.251194817,0.929704879,1.312783454,1.201263396,1.285491609,1.203420217,0.222776396,0.272764708,0.231889464,0.23165789,0.151662179,0.264394952,0.192553142,0.150966125,0.336483258,0.209960934,0.179704548,0.382916789,2.476946651,0.754798041,1.271478313,0.429473494,1.227762827,0.340949995,uc012cvr,Dennd2d
1.28210378,0.952671896,1.345213875,1.230938875,1.330969157,1.218810035,0.228279765,0.279502967,0.237617959,0.249874383,0.174834871,0.270926448,0.19730989,0.154695525,0.344795591,0.215147716,0.184143889,0.392376196,2.604637426,0.784337819,1.30288835,0.440083017,1.258092936,0.349372673,uc008qwb,Dennd2d
4.196989635,4.413739976,2.988032601,3.930414329,4.865765475,4.266042704,2.615472618,2.371655723,2.44830416,2.928594556,3.152479102,3.295519927,2.668297664,2.556897673,3.232877184,3.140440175,3.119099466,3.684898942,5.662409107,8.315287783,6.911595393,7.371913878,7.377843861,12.85373275,uc008jez,Dnm1
3.591872265,4.232793927,3.24980211,3.807753474,4.238113259,3.679012348,2.844603647,2.418212752,2.773739826,2.858474175,3.396908301,3.099302312,2.902056482,2.654492769,3.245627577,3.139302847,3.720643269,3.713818778,4.40149472,5.874881306,5.573016813,4.581564332,4.854490395,7.958795062,uc029twn,Dnm1
3.220700068,3.683756979,2.643501684,3.456648119,3.596265259,3.297956567,2.457325496,1.864372729,2.088038209,2.526055686,2.930178228,2.636057332,2.216294809,2.184444714,2.788514298,2.794775975,3.11604163,2.95574859,3.604477958,4.836243203,4.532839469,3.670390914,3.82263574,6.115868358,uc008jfc,Dnm1
3.070307071,3.511881753,2.560032785,3.234370108,3.407604292,3.098055886,2.320820938,1.878227658,2.170757717,2.528728761,2.798120681,2.499076843,2.376531046,2.093761221,2.68871179,2.671527464,2.951724873,2.943623872,3.550765766,4.599096057,4.304807054,3.531743707,3.84039944,6.060365568,uc008jfd,Dnm1
2.802675236,3.225093062,2.280435747,2.949378294,3.180088396,2.885960443,2.06355867,1.547114848,1.848513116,2.133580875,2.471153382,2.248140256,1.891049241,1.792630122,2.415344324,2.410141313,2.654589138,2.535553106,3.032287396,4.176232169,3.859645488,3.032005764,3.174297194,5.045725471,uc029two,Dnm1
3.008302215,3.564906937,2.626331794,3.179724686,3.47356447,3.024927405,2.321886653,1.843233101,2.18924726,2.424808401,2.833549023,2.488352502,2.378530179,2.107249725,2.660121602,2.649137822,2.986662535,2.956259008,3.447140082,4.530535801,4.343064632,3.448321721,3.749385037,5.921787044,uc029twp,Dnm1
4.239437376,3.41948832,3.814114757,2.548333054,2.474511693,3.694131142,2.894631008,2.435569675,3.826083918,3.218747826,2.127010783,2.78363403,3.558296285,3.238145306,3.375518665,3.563251087,1.293841552,1.948042199,0.606783219,0.561301068,0.547275297,0.314939636,0.337626638,0.375035954,uc009qxd,Dopey1
1.641720807,1.469110795,1.724948534,1.156730846,1.190227499,1.641817006,1.4026161,1.483216549,1.825604229,1.430537985,0.966109746,1.178777015,1.506139676,1.538681248,1.722732752,1.493002205,0.600203854,0.831987011,0.282016524,0.239384882,0.209653348,0.188513868,0.151570244,0.183670205,uc012gxo,Dopey1
3.041403137,3.078739372,3.185080385,2.357788107,2.241684079,3.147108329,2.707623224,2.903114959,3.613132523,2.865823871,2.019617166,2.320606807,2.930450023,2.910218232,3.368421001,2.814975622,1.215514822,1.56481269,0.457259123,0.557282376,0.448707737,0.363117826,0.216264107,0.331949141,uc009qxe,Dopey1
4.084920431,3.893718622,4.296957603,3.354026108,3.168242857,4.14434877,3.732060014,4.247600398,4.713742363,3.611028705,2.791654864,3.333022618,4.109838293,3.621862196,4.654297625,3.598014223,1.919150994,2.032676683,0.590581072,0.791533578,0.621977175,0.513205883,0.394997578,0.64959812,uc009qxf,Dopey1
4.799104446,5.115152585,5.158556432,4.439732832,4.610325973,4.576949042,4.673986205,5.160146382,5.391719065,4.178770788,3.708585164,4.049082538,4.520149599,4.725202676,5.297517256,4.377238749,3.04245584,3.45823004,1.371125249,1.929929053,1.505363246,1.2820081,1.240925976,1.358210158,uc009qxg,Dopey1
5.546040331,5.846896727,6.273143352,5.11504172,5.460644795,5.712795259,5.361497059,5.835562362,5.948857194,4.694943579,4.576519284,4.544727392,5.208600485,5.332784037,5.696742688,4.902220269,4.575099737,4.337583234,2.955351307,4.494784094,4.237328775,3.908604885,3.500202812,4.053601163,uc009qxj,Dopey1
2.20278572,2.550760822,2.793115832,2.253812836,2.11999809,2.718926024,2.364699552,2.470971893,2.932262618,2.018069448,2.15555529,1.993293822,2.438810486,2.411833129,2.867014821,2.223271269,1.716461293,1.308919065,0.295787313,0.826249,0.461481064,0.480769233,0.294515395,0.520462645,uc009qxh,Dopey1
4.437355962,4.339213203,5.432560208,3.478978431,4.122546319,4.942782353,4.382320993,4.344351883,4.143276163,3.468832694,3.804167864,3.322420557,4.234382686,4.108319481,3.829246369,3.50411938,3.996740004,3.442804256,2.794850179,3.857410469,4.270089214,3.476075795,3.070243295,3.578465233,uc009qxk,Dopey1
5.721364161,6.48500421,7.007176848,5.626045161,6.293320488,6.698056123,5.853175074,5.949124674,6.264630292,5.049897795,5.712631413,4.964821168,5.92167975,5.803417645,5.791559892,5.077100175,6.442228554,5.539796651,5.190805559,8.160291829,7.856124623,7.47574427,6.946403122,7.956296786,uc009qxl,Dopey1
5.719332607,6.784020615,7.207204264,5.889638193,6.247312221,6.875156171,6.131894423,6.138744416,6.405526037,5.201764538,6.053001605,5.250153396,6.254003399,5.900561567,5.945987387,5.13931582,6.767501772,5.752941496,5.463145087,8.515122497,8.216755726,7.815131984,7.263369479,8.218642454,uc012gxp,Dopey1
0.055132533,0,0,0.052932359,0,0.069058936,0.034357395,0,0.081743647,0,0,0,0,0,0.099635875,0.037006797,0.040312285,0,0.026690223,0,0.054564747,0.039250359,0.0210389,0.076483726,uc009net,Dpep3
11.73467505,12.225956,12.21898882,11.78318587,12.62781471,13.2154691,11.98033119,11.19919565,11.24189479,14.40192019,14.51114601,13.57173098,12.75073743,12.1375762,11.30297853,12.59447042,13.53949575,14.07961606,12.56791495,16.33338602,15.66268116,16.56613322,16.42136743,17.80822745,uc007syd,Dph3
4.722675678,4.601732785,3.498762544,5.042039184,4.234292149,4.235581886,0.847603792,0.922485127,0.784245819,0.886549831,1.025837291,0.89417877,1.041937786,0.816903363,0.751066845,1.03976577,0.939261453,1.26803787,1.572971382,3.433578512,2.804423354,3.846359189,2.897939036,4.315338836,uc007mww,Dtnb
1.379818176,1.669638267,1.542155857,2.125125861,2.170762312,1.512313582,0.680732526,1.197322006,0.809804699,1.129457015,1.414682602,1.198696669,1.139599255,1.087705308,0.865839053,0.926180028,0.966869653,0.944266783,1.614294898,2.790270436,1.849260884,3.19257357,2.588854875,3.296644711,uc007jtl,Dvl2
1.671955645,1.973429558,1.44564755,2.506632952,2.343236301,2.142619132,1.025896741,1.071375561,1.163207789,1.361569191,1.309522728,1.434972388,1.019724673,0.990669626,1.053675422,1.329461211,1.22251508,1.432723072,2.266350333,3.989922879,2.685765294,5.026774871,3.788905541,5.828372691,uc007jtm,Dvl2
1.225750372,1.46207094,1.059476321,1.840462761,1.701226789,1.581549895,0.827037431,0.833917878,1.708073178,0.975682935,1.172983888,1.132149661,0.826033066,1.058624427,0.821672307,1.373336356,1.09167881,1.829580174,2.105894703,3.350265748,2.444496328,3.779275634,3.172283619,4.560096253,uc007jtn,Dvl2
3.894692614,3.881588744,4.534809037,4.197136595,4.858904713,4.214747008,3.731440942,4.680511386,3.692578809,3.70128395,3.102311005,3.732439833,3.881668776,4.224841806,3.830483851,3.343391636,4.029476807,4.275831163,6.644003809,8.57235743,7.420727609,7.922109373,8.998309716,9.605318151,uc008oqk,E2f5
1.95714611,2.159362537,1.944362034,2.258646801,2.132660195,2.352467312,2.661056444,2.89614678,2.725944881,2.740175364,2.717399328,2.495358955,2.623750146,2.992117674,2.381796166,3.078573944,2.94881614,2.766944082,3.847320515,7.957816553,6.906642271,6.910432638,5.295905718,8.190980714,uc007qfl,Edn1
0,0,0,0,0,0,0,0,0,0,0,0,0,0,0,0,0,0,0.066468541,0,0,0,0,0,uc007nit,Efcab10
83.71871102,83.01812393,80.31930142,91.26659849,92.90841738,95.03082145,99.74304976,93.30172614,104.0781899,121.6573055,137.2301115,119.5372965,94.96615009,96.49308669,95.08364853,103.4704944,108.8851752,109.5505246,129.8230234,116.6772079,107.2651657,120.9949165,132.7840216,118.1421024,uc007jsu,Eif5a
4.723706327,4.585203682,4.971400594,3.449305078,4.625339695,3.791821419,3.89730752,4.300009323,4.981521238,3.558010317,3.61289142,3.59909018,3.554920812,4.270618165,4.128081924,3.260025155,2.821512689,3.230648514,3.736171394,4.336912041,3.391063892,3.670810242,2.488087761,3.96875318,uc007qyd,Ercc6l2
0.175139126,0.063261415,0.074569336,0.16814985,0.13995326,0.146252688,0,0,0.021639539,0.015929,0,0,0,0.01972307,0.035168064,0,0,0.020844342,0.014131107,0,0,0,0,0,uc009qtb,Fam83b
0.790648781,0.923813759,0.834272106,0.924117316,0.988913056,0.60283123,0.428447927,0.493728403,0.458716483,0.86291931,1.166718692,0.774841219,0.414760611,0.464545612,0.786911529,0.876824985,0.65351956,1.227388446,1.564328234,1.63565338,1.156748351,1.248135216,2.387493709,1.36708041,uc008hte,Fbxl15
0.819498121,0.936462179,0.808858504,0.858321181,0.982288504,0.653228696,0.417840053,0.374503313,0.220918121,0.935060474,1.074619194,0.755657047,0.449435132,0.402705778,0.538546323,0.900121908,0.490260902,1.170399735,1.514777439,1.701500262,1.179721413,1.140327055,2.302795511,1.481370091,uc008htf,Fbxl15
8.268172414,8.306545411,8.901211809,6.882527965,8.421455587,7.575238541,8.03583465,8.265485135,7.389285636,6.670544898,7.051870689,6.54211932,8.085558632,8.384812082,7.527063076,7.562780817,6.880909539,6.607881152,5.288550509,7.460514979,7.017047493,6.923309772,6.097841413,6.312896836,uc009qam,Fem1b
8.985002037,8.388727171,7.913282407,8.852680923,8.200386312,8.521885144,9.123663667,9.684042029,9.602545315,11.78911932,11.23567708,12.34501536,8.988112824,8.793202211,8.608849082,10.85790099,10.14917988,10.34617587,6.52091714,5.873841648,7.162124305,3.885624591,9.056255789,5.455471102,uc009cym,Fgd5
9.234964157,8.622100967,8.133429363,9.09896188,8.428520479,8.758963385,9.377483344,9.953451393,9.869687446,12.11709179,11.54825282,12.68845281,9.238161487,9.037828474,8.848346654,11.15996703,10.43152934,10.63400575,6.702328593,6.037251507,7.361374096,3.993722392,9.308200184,5.607241922,uc009cyn,Fgd5
9.610272505,8.973664816,8.531806918,9.423069385,8.853944588,8.996345282,9.705436562,10.37659335,10.39614924,12.55298337,12.18805956,13.30812231,9.618594123,9.567538512,9.289486749,11.65478678,10.81448386,11.17006079,6.978646861,6.486076872,7.732147696,4.215480638,9.73404786,5.901715306,uc012epe,Fgd5
10.96384284,10.88730324,10.52256187,11.45681129,11.10878999,11.07768522,11.17347389,11.80292707,12.81305847,13.55266395,13.08900776,15.58764454,11.79794497,12.57872115,10.60635108,12.95670033,12.57859227,13.58220032,8.191270187,9.434306157,10.35134859,6.482987811,13.69966056,9.150164186,uc009cyo,Fgd5
11.18391808,11.86375669,11.43571978,11.95230432,11.73855049,13.23471757,7.776070918,7.823423937,7.460521883,8.253416506,9.063395669,9.295446146,8.389955373,8.718353474,8.680420882,8.933223214,9.123834627,9.255378643,23.02224775,21.20305863,21.57352835,20.1184923,19.73235242,20.12409898,uc008yoh,Gak
30.52857826,27.79330062,32.22835295,29.02859545,31.68916174,29.50180492,31.12216809,32.14191007,32.2865267,27.59098353,27.49385114,28.19707972,29.27387521,30.50641457,30.79153913,30.69940928,31.32013578,27.77125448,33.51950302,31.50244247,33.60177926,27.04872303,29.66895565,26.10877675,uc007kqu,Ggnbp2
29.79486298,26.95204736,31.23940931,28.12632843,30.60623177,28.73854237,30.07372543,31.22618461,31.30973039,26.72667852,26.53894021,27.2115154,28.27364992,29.65468923,29.95489333,29.62705061,30.31049354,26.94933279,32.39921603,30.81903718,32.670068,26.4786109,28.76720533,25.5492741,uc011ybk,Ggnbp2
29.46839481,26.79882192,31.05939235,27.99077509,30.53975825,28.4514154,29.99333013,30.99864574,31.11545608,26.60736974,26.49661654,27.17433818,28.21207703,29.39991072,29.69361866,29.58590528,30.20708846,26.76395813,32.31891978,30.3598115,32.38300286,26.07881678,28.60481604,25.17630803,uc007kqv,Ggnbp2
31.48188967,27.8220267,32.61280065,28.85462124,29.70765922,27.68057456,30.4663883,31.983313,32.00881514,25.78820967,26.8853759,25.93972842,26.66274743,29.81721625,29.40971308,28.75371085,28.488127,22.52962893,30.18515415,23.52067161,28.56680687,21.27523532,23.71598001,20.53207406,uc007kqw,Ggnbp2
19.19522437,16.73400979,20.78881279,18.58494043,18.14738155,18.82875366,21.02624451,21.97776968,21.72602114,16.34674135,16.24121429,15.7830726,15.93692931,20.16724221,21.88873456,17.42126261,16.13074687,12.27858205,16.64815905,11.32017191,15.46560398,12.66474439,11.885088,10.75160089,uc011ybl,Ggnbp2
0.88447681,0.400043137,0.982396855,1.476834785,0.921891286,1.300571751,0.95858557,0.662784286,0.627187461,0.881382639,0.587329094,0.606755331,0.530264189,0.883446244,1.065621534,0.826003986,0.674837689,0.823827199,0.781901716,0.475737591,0.152237908,0.71181585,0.616343732,0.675743771,uc007kqx,Ggnbp2
0,0,0,0,0,0,0,0,0,0,0,0,0,0,0,0,0,0,0,0,0,0,0,0,uc012hlh,Gm14743
0,0,0,0,0,0,0,0,0,0,0,0,0,0,0,0,0,0,0,0,0,0,0,0,uc029siq,Gm15217
7.564390153,7.189005741,5.564663441,8.096362769,9.318891241,9.282132653,12.79753754,15.95459156,14.51788673,18.54503015,19.56412309,18.01327817,12.72431677,14.15970975,12.16835757,14.83749924,18.33422957,16.28511457,13.38663956,9.797899977,11.00790989,4.617393032,20.02456139,6.516553737,uc009mxo,Gpr56
2.641250077,2.651981489,2.113907518,3.001285771,2.785212498,2.931516948,9.063250201,7.635050223,8.104873776,12.02332073,12.5387746,11.94451841,10.4304898,10.34642958,10.87583808,13.33037683,16.06117352,15.20821069,20.91169355,8.192664428,10.98562368,6.045773037,18.02767299,6.462470187,uc007wlr,Gpt
4.157260754,4.063009542,3.280784467,4.57607807,4.348297797,4.610354825,14.25718012,11.94179478,12.72033914,18.92934101,19.63674229,18.71121996,16.43061464,16.24561131,17.1635226,20.8664832,25.0923934,23.78726501,32.73955459,12.80079159,17.08674788,9.293733689,27.92934367,10.04063789,uc007wls,Gpt
0.26093448,0.25281516,0.333295786,0.353677227,0.257573799,0.384524913,0.573913023,0.595221562,0.705489102,0.469058664,0.364662391,0.518956258,0.714315393,0.497813171,0.499301477,0.350295869,0.448923162,0.394585667,0.356671203,0.686508483,0.410157366,0.349677927,0.538871797,0.127759997,uc008hjt,Hells
168.0444099,147.6050635,149.9211244,148.0640138,147.2010866,154.2862737,133.5704327,125.5678609,124.4586667,134.3817263,137.5463774,139.2044998,142.0763983,134.4750363,143.6755074,144.7015373,130.8356457,146.5408277,1.110001611,3.840232491,5.128519249,1.55073877,18.28692622,1.081482159,uc008qna,Hfe2
0,0,0,0,0,0,0,0,0,0,0,0,0,0,0,0,0,0,0,0,0,0,0,0,uc007prq,Hist1h2ao
0,0,0,0,0,0,0,0,0,0,0,0,0,0,0,0,0,0,0,0,0,0,0,0,uc007prt,Hist1h2ao
3.669739871,4.074713608,4.429055867,3.578776499,3.936912687,3.884884526,4.333709373,4.924845893,4.712705615,4.06825205,3.023865177,3.777604604,4.216845775,3.982945132,4.711431442,3.969650082,3.887575672,3.920499631,3.236041154,3.052249561,3.555685488,2.365729532,2.962514093,2.770387563,uc012cyx,Hs2st1
6.914057163,7.141510809,8.07982429,5.790716076,8.463839993,8.476271861,4.217015726,5.493394626,4.144143411,8.348818767,4.493533704,7.294822597,6.846089435,7.753045047,5.671548153,6.912047247,6.884058545,4.832247793,5.839736093,5.179672889,7.716407955,3.351357652,4.827792965,7.482860216,uc008rpq,Hs2st1
9.801663633,10.42425585,11.29528611,9.569201957,9.262278083,9.62742163,9.806055132,9.495928481,9.275921236,8.271247633,7.615445697,8.578309004,10.91157825,11.06780127,11.33114782,9.841068873,10.15205263,10.79996759,4.096937352,5.811992506,6.3144657,4.818753366,5.020803762,5.189848914,uc009qwu,Ibtk
14.01649016,14.71751619,16.3635149,12.98467777,12.6915468,13.33471826,13.15582347,13.33447689,13.12093324,11.1353578,10.18799411,11.45237264,15.02706534,15.16197945,15.77054269,13.30049162,12.80937487,13.52899233,5.169546652,7.15701704,7.759956893,5.710468761,5.902744438,6.068160175,uc009qwx,Ibtk
14.13370133,14.71908838,16.35496869,13.07371232,12.85062877,13.46087009,13.24602515,13.35470366,13.13340463,11.19258235,10.37569414,11.50041653,15.15097644,15.16310155,15.64077488,13.39209154,13.01552701,13.71509689,5.231117898,7.293124944,7.853140482,5.787706472,5.997808885,6.179401461,uc009qww,Ibtk
33.1820096,33.63912866,41.05131722,33.83327821,33.69457877,35.35640441,9.102066735,8.116413261,10.22633987,9.298890003,7.966959381,10.48405235,10.23987736,8.811549971,8.938274763,8.053248293,7.967361379,7.491383417,5.359259934,5.432865154,5.793656863,4.085056613,7.298879804,5.199585966,uc009axx,Ica1
0,0,0,0,0,0,0,0,0.052607608,0,0.060211975,0,0.061157001,0,0.042748317,0,0,0,0,0,0.035116133,0,0,0,uc007cmu,Il10
2.890315771,3.001842522,1.965788441,2.549730732,2.857060204,2.903377235,2.514637065,2.924735876,2.574022695,3.246686988,2.946094647,3.511232682,2.345342506,2.878677582,2.509944324,2.658156687,2.676015695,3.243367754,1.971644295,1.393107647,1.513862332,0.761614351,1.783359901,1.006751767,uc007bxc,Inpp5d
78.60471027,74.38135666,69.62655118,88.17515337,81.29635719,82.82071406,37.77487962,35.26358096,38.20824862,47.97037788,46.30946305,46.2532981,44.13219275,41.39181461,43.20376008,50.65057573,45.7890539,47.70914092,29.2224791,23.45734584,24.25135803,23.87921568,37.13545314,23.84212718,uc009ipg,Inppl1
4.869510869,4.255402362,3.912520355,4.788292613,4.754185547,3.78761927,4.258191451,4.230164539,3.842851985,3.985962284,4.331690329,4.293014338,3.655115546,3.980132317,5.062487566,4.059363341,4.019954738,3.925978771,3.574092305,2.615936491,2.331949318,2.152732517,3.506667515,1.77962939,uc009lwj,Ints10
2.466934293,2.138575293,1.9662581,2.406382148,2.389241459,1.90348839,2.1645744,2.125891889,1.931245887,2.024706163,2.17691422,2.179719428,1.836897932,2.000236855,2.544180293,2.040054831,2.020249826,1.973021699,1.796179267,1.314652921,1.171933644,1.081867279,1.762294577,0.8943623,uc009lwk,Ints10
15.75482145,16.06491074,16.06312703,14.85564014,16.6655968,15.24821603,16.55152201,17.02156004,15.63252306,14.88908467,14.78495512,15.12531778,16.75106989,17.53816012,17.21181264,16.61232371,16.03643007,17.2995365,12.46826299,9.324943018,11.0920322,7.463201003,9.106499983,6.792261898,uc009lwl,Ints10
16.32436548,17.6519034,16.87266598,16.20826177,18.59915669,17.24461804,17.08678779,17.28762347,15.39460131,16.13769641,16.24943827,16.46907327,17.56500125,17.53900631,17.83757786,18.24952557,16.75846928,18.34388563,14.50241515,11.23472618,13.30178725,9.513692609,11.69585605,8.926930864,uc009lwm,Ints10
16.53896208,17.9380945,16.91465871,16.16504892,18.70813105,17.26390126,17.29393551,17.25390263,15.65757179,16.09930208,15.96125567,16.39355983,17.52797014,17.64354689,17.79446808,18.3024788,16.99571126,18.48699581,14.31825341,11.21926735,13.08753442,9.348029926,11.54240713,8.836544845,uc009lwn,Ints10
16.16646293,17.55059291,16.62917923,16.02199539,18.44023419,16.84396852,16.82966878,16.87939931,15.07766173,15.97733767,16.24571369,16.37256935,17.46376512,17.442194,17.34567948,17.87742124,16.50545036,18.11459589,14.13792277,10.95340794,13.03223498,9.308251076,11.51397756,8.767643911,uc009lwo,Ints10
7.570788977,7.896910613,7.499408498,6.483695561,7.454217235,7.652652092,5.568465926,5.75117452,5.497970054,5.185334331,4.916168091,5.499585717,6.213918354,6.646603476,6.794452441,5.410179798,5.658062758,5.332711211,5.410380399,9.115956671,8.531366494,10.2159693,7.001542958,10.06214008,uc029sfw,Kat6b
1.346292114,1.844427159,1.688932595,0.946342705,1.095029882,1.249715941,1.198542788,0.949546662,0.89112238,0.760914491,0.815946457,1.192149996,1.512473714,1.283278632,1.477195543,0.903676216,0.931658215,0.755370827,0.907799917,1.098140766,1.011217106,0.975577604,0.486230528,0.678142479,uc007slf,Kat6b
7.44257567,7.76317435,7.372404039,6.373892468,7.327978101,7.530979759,5.474162487,5.653776864,5.404860481,5.097519327,4.832911488,5.406448783,6.108684008,6.534041494,6.679386598,5.318556978,5.562241974,5.242400341,5.318754181,8.961575542,8.386885554,10.04295917,6.882969982,9.891735085,uc007slg,Kat6b
1.340035141,1.835855073,1.68108318,0.941944521,1.089940665,1.22892097,1.192972488,0.945133587,0.886980835,0.757378095,0.812154297,1.186609408,1.505444402,1.277314518,1.470330188,0.899476326,0.927328278,0.751860196,0.903580862,1.093037091,1.006517414,0.971043549,0.483970743,0.674990771,uc007slh,Kat6b
1.933009089,2.530911573,2.639343679,1.523092089,1.821637024,1.753343997,1.628299338,1.45516362,1.344066862,1.163971812,1.266876591,1.532473651,2.159918895,1.909608555,2.071915988,1.431724401,1.364656672,1.313715237,1.394003634,1.636519204,1.517287699,1.471069812,0.783432697,1.183605466,uc007sli,Kat6b
1.93078724,2.528002479,2.63630995,1.521341408,1.819543188,1.751328659,1.626427729,1.453491018,1.342521958,1.162633913,1.265420411,1.530712187,2.15743623,1.907413602,2.069534476,1.430078741,1.363088101,1.31220522,1.392401331,1.634638147,1.51554369,1.469378928,0.7825322,1.182245,uc007slj,Kat6b
6.360240319,7.066168783,7.16529948,4.741011072,5.508621351,5.245241066,4.726733962,4.558015313,4.197695405,3.621708711,3.441339395,4.45219933,5.061450037,5.285127108,6.060469853,4.012876535,3.678063569,3.855373948,3.939663517,5.062595883,4.743861282,5.512383351,3.276340791,4.798355842,uc007slk,Kat6b
0.457937303,0.510407978,0.306392243,0.418726098,0.182968306,0.327778083,0.163072322,0.125279226,0.226324117,0.190398401,0.148022287,0.196609122,0.413450107,0.206280113,0.210180902,0.263470977,0.159446944,0.186863393,0.823427924,0.290522829,0.712204756,0.279444087,0.865436375,0.584863556,uc007jpt,Kcnab3
0,0,0,0,0,0,0,0,0,0,0,0,0,0,0,0,0,0,0,0,0,0,0,0,uc007kxf,Kif2b
5.146301269,4.653605356,4.646751231,6.921558434,5.836236005,5.987788256,1.47911956,1.178803151,1.118232746,1.924690632,1.976272901,1.724976817,1.739651735,1.648703286,1.443170089,2.188759815,2.059872862,1.900836333,7.334528259,13.67879148,11.93193758,18.16104161,13.14600387,19.75619681,uc009rpn,Klhdc8b
6.908321316,6.436310016,6.186573377,9.300260604,7.589065246,8.006729678,1.873434888,1.788163918,1.688373251,2.634782916,2.73116154,2.378498506,2.433816198,2.195419425,1.975610954,2.935128844,3.197297833,2.623812249,10.04051739,18.36420722,15.44750874,23.83446553,16.98791881,25.93569336,uc009rpo,Klhdc8b
7.155616509,6.679295687,6.393979664,9.612053966,7.881109052,8.294813075,1.936242221,1.870650479,1.74497635,2.723114616,2.822724355,2.458238212,2.515410443,2.269021363,2.041843762,3.033529709,3.304487974,2.734187528,10.40751493,19.00973751,15.98092054,24.65586476,17.58139553,26.80519341,uc009rpp,Klhdc8b
0,0,0,0,0,0,0,0,0,0,0,0,0,0,0,0,0,0,0,0,0,0,0,0,uc009gnz,Klk15
0.706219952,0.800594339,0.416338175,0.678036838,0.651160023,1.22484483,1.692695797,1.326410327,1.208186439,2.312319383,2.028148272,2.265297809,1.123625464,1.615072059,1.243560071,1.021005807,1.588861695,1.241374631,0.841571209,0.723752652,1.559189247,0.154700712,0.621917767,0.60290337,uc008jfl,Lcn2
0,0.045288611,0,0,0,0,0.032556246,0,0,0,0,0,0,0,0,0,0,0,0,0,0,0.055789053,0,0,uc009umz,Lhfpl1
0,0.030984187,0.022826614,0,0,0,0.022273344,0,0,0,0,0.040280986,0,0,0.021530776,0,0,0.051045727,1.055473263,0.187068788,0.300674273,0.101781494,0.450092896,0.082638606,uc008fpv,Lipg
52.92998505,50.98794464,51.31676903,41.63960531,45.83431267,45.66004753,47.15699784,46.14017906,47.92975739,37.75246522,35.04931894,39.32415935,55.97910806,56.39946889,63.37625991,50.82718782,39.54794932,42.14444126,1.266582945,1.364571804,2.439980267,0.19700825,2.99519918,0.372259555,uc007uwd,Lmo7
3.650648142,3.827818715,3.783716817,3.63848411,3.592353306,3.248863336,2.981339214,3.056078054,3.350735149,2.322301923,2.879260041,2.633157889,2.888493617,2.790870692,3.108143921,2.595129384,1.962580372,2.006080217,2.403549916,3.47404531,3.489175668,3.737604262,2.473099923,3.183359651,uc012bve,Mbd5
6.804268896,8.479227435,8.652401534,6.663968893,7.573347487,7.267394818,10.61961059,10.62342993,11.14691579,8.105856205,8.118847769,8.712608244,10.81178005,11.08331831,10.90601903,8.828662118,9.43956221,9.327347606,14.88189455,8.050524034,9.785626719,6.368753503,9.632733647,5.18322015,uc008pbp,Mfsd8
0,0,0,0,0,0,0,0,0,0,0,0,0,0,0,0,0,0,0,0,0,0,0,0,uc012hcx,Mir138-1
22.60433842,14.69670669,14.43644158,16.81925713,12.86993962,28.31416369,30.99037007,28.40744641,23.46042675,23.43699827,22.05667458,16.5589238,23.37689075,26.72836824,34.0422574,23.51781929,23.96565351,20.17706859,10.94299149,8.066563744,15.10079375,11.26485308,10.35113863,14.63388628,uc012eoe,Mir705
17.30988839,16.48382363,19.44206357,16.50113225,16.49565103,16.60324915,19.08568653,19.01559678,18.46874023,14.60074744,13.21474239,17.17152925,19.72287946,20.73520971,20.96605877,14.45412863,15.81257067,20.9488398,148.1612858,61.05206086,77.76874489,44.72283758,73.82748633,36.2652772,uc007kwo,Mmd
42.00714393,40.62161945,33.6545538,43.44992722,39.77253159,42.43088181,24.16009751,22.02414061,23.05705748,29.47721211,29.12815871,27.91235565,25.23618852,23.51753746,23.25024922,29.7739787,26.63721619,27.87047781,6.605689885,3.977921253,5.530409367,3.322892846,10.74463833,3.335165915,uc009myh,Mmp15
35.40464944,36.70705526,33.11600039,34.22966894,35.56891982,37.59670486,51.19173734,47.5580584,50.65655458,58.4514977,60.60713657,57.91451244,52.48210941,53.24437971,48.92527747,58.71543878,63.7787777,60.91640437,55.39304255,31.00953898,39.17861909,26.81534164,48.15597399,28.53272441,uc008tza,Mrpl37
0,0,0,0,0,0,0,0,0,0,0,0,0,0,0,0,0,0,0,0,0,0,0,0,uc008tbd,Mup14
0,0,0,0,0,0,0,0,0,0,0,0,0,0,0,0,0,0,0,0,0,0,0,0,uc012dfi,Mup14
0,0,0,0,0,0,0,0,0,0,0,0,0,0,0,0,0,0,0,0,0,0,0,0,uc008tbh,Mup14
18.43661324,20.12838634,15.43979996,22.79896547,20.49789185,22.39136461,11.28376318,10.84768742,11.41832209,18.48401735,18.55381665,18.64091496,9.891502885,10.80820747,10.62942229,13.96922289,15.28931642,15.54424131,19.57510357,23.53943868,18.63844379,28.88086126,28.7462048,28.26080941,uc009jtw,Mvp
0,0,0,0,0,0.037617651,0,0.04313324,0,0.032776782,0,0.033845948,0.051763476,0.040583764,0,0,0,0,0.058154589,0,0,0.042760761,0,0,uc007avn,Nck2
2.872176478,2.895207085,2.36757642,3.35075186,2.922312322,3.995102989,3.205130166,3.357708981,2.995808935,3.681464575,3.400511992,4.083846017,2.734324009,3.04641479,3.460410799,3.698879338,4.224625793,3.004965373,3.088092481,3.750249647,3.22271194,4.719639991,4.103775742,4.138922584,uc007avo,Nck2
291.1166074,288.241902,256.4138268,341.7789929,338.5141229,329.2410749,322.8592803,284.4711993,295.5021663,489.2649827,503.5594152,495.7410987,387.63285,378.9957239,343.2043853,494.9206367,522.3126906,543.0693147,462.8089175,176.8276388,209.3151714,143.6333819,397.0801063,145.1466743,uc008fye,Ndufv1
13.65238398,14.98586261,12.17117591,19.43765914,18.0957665,18.35580612,7.491570333,7.294570309,7.806662153,12.0016086,12.73054923,13.04951039,7.549399779,9.035774162,8.701399528,11.63475826,11.2089839,10.84712715,21.67746645,32.52419035,23.03459439,45.67836031,44.5058195,48.63089616,uc012fjr,Nr1h2
23.61761881,20.25717008,23.53730944,20.51367031,21.6878761,19.58300795,23.82417175,20.98729946,21.07835142,20.95329905,17.19185972,20.72057173,24.10862354,20.78907439,20.9202918,19.64476586,17.61949701,21.19690459,13.09860821,18.86480054,16.07118348,16.62110576,12.93426691,15.23011299,uc008ejt,Nrep
24.88407388,21.32416845,24.79328722,21.54835413,22.79199085,20.62380581,24.9594901,22.13224227,22.16307597,22.07239526,18.1297458,21.82618912,25.42384731,21.92320321,22.00861009,20.71646798,18.58071245,22.32188716,13.79190692,19.8521144,16.90442008,17.46525541,13.63988393,16.02031709,uc012bav,Nrep
23.96473682,20.5726989,23.91956497,20.78898422,21.98879483,19.89701723,24.02704602,21.35229598,21.38204308,21.22511921,17.45485918,21.05702822,24.52790395,21.15062351,21.20746946,19.95794329,17.92592304,21.50496904,13.30587633,19.09197506,16.30870367,16.84977502,13.15921068,15.43614281,uc008eju,Nrep
12.51636204,12.79923853,12.08105538,12.7363284,12.01671994,13.03961289,12.16687249,8.988360105,11.26074118,14.23515142,15.15683844,14.97340017,10.29805848,10.75609884,11.71244101,13.94795548,12.76516347,14.31795829,12.45195732,13.58764715,12.84848358,12.77494546,16.77121219,13.76723785,uc008ojj,Ogfr
0,0,0,0,0,0,0,0,0,0,0,0.031844084,0,0,0,0,0,0,0,0,0,0,0,0.02613194,uc007utm,Olfm4
0,0,0,0,0,0,0,0,0,0,0,0.033889875,0,0,0,0,0,0,0,0,0,0,0,0.02781076,uc007utn,Olfm4
0,0,0,0,0,0,0,0,0,0,0,0,0,0,0,0,0,0,0,0,0,0,0,0,uc007xyl,Olfr161
0,0,0,0,0,0,0,0,0,0,0,0,0,0,0,0,0,0,0,0,0,0,0,0,uc009bsd,Olfr444
0,0,0,0,0,0,0,0,0,0,0,0,0,0,0,0,0,0,0,0,0,0,0,0,uc009jcd,Olfr488
0,0,0,0,0,0,0,0,0,0,0,0,0,0,0,0,0,0,0,0,0,0,0,0,uc007hpi,Olfr767
0,0,0,0,0,0,0,0,0,0,0,0,0,0,0,0,0,0,0,0,0,0,0,0,uc007hqq,Olfr809
0,0,0,0,0,0,0,0,0,0,0,0,0,0,0,0,0,0,0,0,0,0,0,0,uc009ogy,Olfr829
0,0,0,0,0,0,0,0,0,0,0,0,0,0,0,0,0,0,0,0,0,0,0,0,uc011wzk,Oprm1
34.64505204,34.21156449,35.82027903,30.59099809,34.4206817,32.43905285,41.18541458,45.60608789,44.03302177,38.64548585,41.47877265,39.1682236,48.61851975,48.93167589,48.09470886,44.21485796,43.56318298,42.44089587,33.89621677,22.06591417,27.4846036,18.56654441,23.17969852,17.39148281,uc008ecq,Osbpl1a
30.58462565,30.28360236,31.53784334,27.20766023,30.58831483,28.85241507,36.33250206,40.10663254,38.89928393,34.33646822,36.54761342,34.61273524,42.77727248,43.11768964,42.47172417,39.13421044,38.48322432,37.35608421,29.87485579,19.47917547,24.27878023,16.52331505,20.5706196,15.48369085,uc008ecs,Osbpl1a
29.48975823,29.16058796,30.78928319,26.34331691,29.70661126,28.11507973,35.28832135,38.56353124,37.41678414,33.32126961,35.42753461,33.37119051,41.15750707,41.70639692,40.89060215,37.60450704,37.03689884,36.25724647,28.83008051,18.74705826,23.37870283,15.81841221,19.68636961,14.84348621,uc008ecr,Osbpl1a
30.10473098,29.89908531,31.5014782,27.0073064,30.38142229,28.78828341,36.08704747,39.35207562,38.36443324,34.04449594,36.09905935,34.15609298,42.07971079,42.55268981,41.92818059,38.53582314,37.90744088,37.13230621,29.58463454,19.20744471,24.03890215,16.18499098,20.09238215,15.1866908,uc008ecp,Osbpl1a
31.10026772,30.60995038,31.74548324,27.32104105,31.08200688,29.14856728,36.91521042,40.8227274,39.39583394,35.00892652,37.11818856,35.22103828,43.94068304,44.07572302,43.27176651,39.58101474,39.05349301,37.87599432,30.63361633,19.83733733,24.56399036,16.99844343,21.05019889,16.00885171,uc012azm,Osbpl1a
33.36126054,33.00769043,34.90489098,29.67622463,33.43322478,31.71699613,39.97750444,43.75416359,42.37222629,37.6643063,40.17664661,37.79161197,46.68747635,47.30727649,46.39016374,42.46191067,41.81721745,41.08448288,32.61643024,21.2410559,26.4175435,17.73376388,22.20376041,16.64787284,uc008ect,Osbpl1a
32.02281276,31.63696861,33.37119468,28.44884166,32.0226873,30.32487967,38.23778864,41.80540975,40.50930831,36.02254121,38.44282413,36.18226382,44.5798436,45.33308337,44.40294443,40.63668074,40.00264004,39.34820797,31.22717426,20.31059432,25.27336282,16.99057033,21.25233777,15.93669603,uc008ecv,Osbpl1a
23.53238414,23.46522185,24.77939697,20.97465462,23.71634043,22.43743669,27.97269186,30.58686127,29.54442178,26.30951248,28.17257172,26.2836791,32.50941155,32.79757745,32.2591243,29.73682176,29.17419834,28.52562385,22.68251553,15.06302043,18.6320276,12.65252881,15.42253403,12.07298259,uc008ecu,Osbpl1a
45.7303725,45.10335331,45.66484395,37.3911683,43.50881963,42.18959119,46.7574816,52.83289415,52.32988915,45.79273751,49.51590899,46.39492802,55.90448606,55.50755773,55.93927449,54.52938127,49.65573582,46.10493295,41.47846439,24.17673975,33.93703349,19.40838772,24.75415107,21.80807318,uc012azn,Osbpl1a
35.4146245,36.4571926,36.02437156,30.05964654,36.5015326,35.10367329,37.73193678,40.30193124,40.91631659,36.89839964,41.25707852,35.36606939,43.50448975,43.95030959,43.4419069,44.18811098,38.68553846,35.58874262,31.69673737,17.80195742,23.99081192,15.30041293,18.47335334,15.81525933,uc008ecw,Osbpl1a
22.17929957,23.69058874,23.33428683,20.34355695,24.98290911,23.62689909,22.64530393,21.90044159,22.38802172,24.0445363,28.81670519,21.03478675,25.08769953,26.76100361,24.09726289,29.84143475,24.03628615,23.19155713,19.3174197,11.54254029,14.35627061,10.00976414,11.75101217,9.20313315,uc008ecx,Osbpl1a
1.329905471,1.657278854,1.672167202,1.25688243,1.469548452,1.483636784,1.191354219,1.253494496,1.016718687,1.065921541,1.23421049,0.749406969,1.217764787,0.870512647,1.101564706,1.283223121,1.093963339,0.771614534,0.764537253,0.988726797,1.172248962,0.90241504,0.507499771,1.229958923,uc008ecy,Osbpl1a
1.755538201,2.377920183,1.915363718,1.615251621,2.104269612,1.924111676,1.549852044,1.680936732,1.518354376,1.357170921,1.86196148,1.112909274,1.765105932,0.889639678,1.365989239,1.816662773,1.658021697,1.044684846,0.991519671,1.357372842,1.520276351,1.301891353,0.558269776,1.657429109,uc008ecz,Osbpl1a
14.92197404,17.10031487,14.82450373,17.26524868,16.71414274,14.91039446,9.749430853,11.11278454,10.84160744,11.18208498,11.18230291,10.58859623,11.43108511,11.3176949,11.16586043,10.72952655,11.31488178,12.5075612,17.49372722,13.87646311,14.22132517,13.10517279,13.88698629,14.07576558,uc008zlt,P2rx4
16.50808558,17.87841219,17.2846146,17.94765525,18.282404,16.83364403,10.72216198,11.32062498,11.10044276,12.58654757,12.4682596,11.92275748,12.06281187,12.19109403,11.65328133,12.20446275,12.78455679,13.64791903,20.19319609,16.79367099,18.70824769,16.30460511,16.76931202,16.90171382,uc008zlu,P2rx4
16.59254628,18.19890063,17.56945657,18.33148959,18.41856981,17.19934837,10.87959801,11.57020614,11.37367194,12.75518607,12.60964375,12.11430268,12.22727442,12.51115109,11.84960279,12.36420699,13.04659934,13.9436423,20.65198607,17.0027145,19.01581436,16.55488288,17.06836689,17.14700048,uc008zls,P2rx4
16.8923687,18.42571418,17.73824907,18.26588578,18.70831787,17.06106066,11.0857764,11.69578547,11.42696668,12.88170404,12.50292851,12.12739978,12.44852036,12.54380055,11.8841663,12.4937423,13.07806853,13.98380603,20.62627983,17.29754778,19.28492815,16.75377563,17.07279198,17.43842291,uc008zlv,P2rx4
9.3082494,11.30200888,10.08029262,9.186571089,12.37004999,11.51466208,7.133778264,7.141228486,6.943416563,6.436190483,8.68291993,8.275091533,8.320938396,8.242656223,8.080098624,8.033152852,8.750683044,9.371826696,8.536625613,23.85045884,25.46281112,28.54462171,15.92921635,30.50476044,uc007ryh,Parp8
33.09412351,31.93000211,32.42570087,29.67115972,31.64490118,31.53064399,51.63095445,55.27891696,53.10623796,49.35052672,51.20608663,53.94972635,53.08371306,56.67863364,51.66837835,50.37854797,54.09741406,53.18870619,162.7802565,47.07881708,68.21989471,28.97232918,69.9855077,30.52467569,uc007vbe,Pcca
40.15120764,37.31015569,38.28869878,30.75990493,37.24905843,37.37553626,62.72477655,66.94957146,62.9970637,53.27588784,61.83609066,60.28264681,65.6506796,65.03638564,62.95292229,58.14734108,66.35737071,65.00249208,185.988642,49.33130595,79.74759221,28.2910649,75.66518523,34.3359731,uc011zqk,Pcca
27.85558589,27.09206862,25.81976399,25.05090111,26.85211393,28.38799203,40.94524967,41.88389552,41.68813676,42.37714583,46.32868082,45.85727659,43.05944201,46.24844565,41.19329058,43.971142,49.57013351,48.64450933,141.9026059,43.50676616,62.76487878,29.29338117,71.92910674,31.01726817,uc011zql,Pcca
0,0.022928652,0.050675865,0.050787269,0.015851584,0.016565079,0.032965057,0.037987779,0.058823232,0.014433383,0,0.014904195,0.113971238,0,0.03186604,0.035507092,0.07735725,0,0.038412898,0.025169643,0.17014889,0.075319468,0.030279444,0.073384214,uc008hdl,Pdcd1lg2
28.20807882,24.95471106,24.79413809,28.78741923,27.17792204,27.41830557,44.83459349,41.1665638,41.02736968,43.04698693,42.82273541,43.93915993,33.74231246,34.54745392,35.97556635,35.09619712,31.22502658,31.26186813,37.50851753,11.04395495,18.67984238,6.880252132,21.11896748,7.71567648,uc008lim,Pdhx
10.00178037,9.334775062,9.581575589,10.37704581,10.36917081,11.189516,7.137666531,6.226821836,6.33836968,10.12371828,8.96555789,9.385829039,7.681244819,7.521029841,6.875410141,9.474738393,8.758133393,9.330972296,10.71870302,11.43687564,9.659289923,10.32191359,13.29702404,11.61859248,uc007moj,Pgs1
10.26744927,9.62298521,9.84273343,10.6775155,10.65944568,11.53054549,7.371846152,6.401205389,6.54632518,10.29675621,9.153681579,9.59988222,7.897361595,7.683354755,7.075893574,9.757636136,8.984566577,9.637112062,10.96954976,11.73283207,9.955589471,10.57160354,13.55844087,11.86495768,uc007mok,Pgs1
10.63740123,9.854757218,9.884339979,11.26486651,11.24559775,12.20926265,7.567867802,6.491531315,6.735173184,10.78758181,9.568127801,9.827429502,8.026449682,7.958696109,7.013040416,10.14334421,9.113217589,9.813012947,11.51493799,12.4254222,10.2341559,11.40833925,14.51241534,12.64579919,uc007mol,Pgs1
15.14925373,15.32163076,14.60764297,18.25216324,18.51464999,17.4876261,10.36624267,11.51906344,11.67113263,17.66868173,18.14696303,15.90162924,12.28785283,12.64457421,12.52580497,15.95087826,15.63806569,16.33307835,22.43313255,27.84343391,23.66579762,25.27112989,35.13968269,25.13691592,uc007mom,Pgs1
3.914960302,4.298893315,2.606394932,4.738272793,3.839443545,3.774496937,6.210191462,6.849704217,4.714051079,6.991876759,8.012663146,5.562034825,5.071177359,6.637222187,4.773934181,8.568390366,6.453804886,4.811915755,3.675679681,4.402947748,3.052748126,3.648655508,3.875272672,2.852703308,uc007haf,Phlda1
0.17666372,0.168463965,0.293352015,0.203536323,0.084702936,0.265546484,0.198167375,0.076120384,0.026193494,0.134968367,0.179878398,0.199101404,0.152251322,0.143242276,0.021284522,0.071149552,0.180844323,0.227078561,0.205259314,0.336234961,0.192328772,0.213811955,0.256180487,0.424805914,uc007hsz,Pla2g3
24.33006852,26.65334558,23.43142943,29.68383975,30.58008748,27.9720561,0.16072759,0.154347376,0.143402092,0.222847154,0.145893951,0.290673273,0.907625493,0.508285296,0.595581609,0.663633479,0.691479095,0.736706326,0.593083746,0.838583405,0.55306281,0.826278317,1.517342813,0.725537066,uc009jiy,Plekha7
22.86644626,25.0499621,22.02186655,27.89815105,28.74048326,26.30199432,0.151058711,0.145062312,0.134775462,0.209441353,0.137117419,0.273187261,0.853025529,0.477708412,0.559753247,0.623711325,0.649881835,0.692388335,0.557405648,0.788136801,0.519792248,0.776571949,1.426064126,0.681890983,uc012fsm,Plekha7
23.18993268,25.40433823,22.33340489,28.32232227,29.17162358,26.66125241,0.153195704,0.147114476,0.1366821,0.212404273,0.139057188,0.27705198,0.865093087,0.484466445,0.567671949,0.632534828,0.659075565,0.702183395,0.565291139,0.799286393,0.537283047,0.787557936,1.446238331,0.710483774,uc009jiz,Plekha7
16.78668965,18.14408831,16.03269887,19.42072396,20.34081092,18.63755465,0.104610997,0.098631862,0.135759332,0.149899943,0.090640191,0.171988467,0.578680374,0.381519462,0.422879614,0.44046802,0.435177524,0.501287026,0.362003456,0.530066969,0.37003488,0.494332842,0.972532057,0.444582911,uc009jja,Plekha7
25.64784754,27.90395576,25.79849139,29.93622114,31.03854105,28.7643878,0.230711507,0.192012795,0.2744562,0.269371905,0.226870599,0.231798926,1.04580372,0.625373653,0.693839529,0.731701406,0.797057794,0.837173712,0.587463303,0.880769943,0.641208434,0.834631972,1.718872499,0.637234253,uc009jjb,Plekha7
25.63340972,27.87901032,25.75387129,29.86304909,30.98328228,28.69477416,0.229844362,0.191291102,0.273424638,0.268359453,0.22601789,0.230927695,1.041872996,0.623023144,0.70357511,0.728951257,0.794061998,0.848659193,0.585255282,0.87745951,0.638798409,0.831494951,1.712412001,0.634839165,uc009jjc,Plekha7
11.45095065,13.11587733,10.69646968,14.10208816,14.44719945,12.70132187,0.116710007,0.096066092,0.099170808,0.131400455,0.113505831,0.150762985,0.576436514,0.289241332,0.290106073,0.251419732,0.371689975,0.363000841,0.246090946,0.356444002,0.092676585,0.276185878,0.520694546,0.197950953,uc009jjd,Plekha7
18.47391735,16.32929078,15.32996469,17.89333257,16.25464576,16.19147002,34.00662942,30.20474293,30.37451295,35.16080601,40.54904338,35.73564063,30.37349538,28.32143397,26.25462487,31.68832928,33.37874558,30.70829851,47.35883539,32.74511515,33.82208443,29.07914917,37.33118978,27.16249515,uc008lyk,Ppip5k1
17.73197368,15.35738272,14.66480737,16.11574132,15.30394035,14.46421596,31.28815058,28.61537316,29.23246987,31.26708332,36.09236539,29.75157078,27.80176233,26.26212328,24.25404114,27.54912704,26.13721608,23.89005406,39.93917436,25.86425696,27.28531097,22.20407655,27.39596413,21.28231616,uc012ccp,Ppip5k1
17.99601225,15.52077804,14.78932658,16.27238433,15.48522344,14.67104714,31.60797701,28.91532756,29.57654674,31.63768401,36.43938175,30.01646064,28.11587805,26.6061759,24.57862063,27.84813973,26.40272465,24.13426927,40.24254948,26.01504483,27.5783609,22.18812656,27.41198975,21.29259368,uc008lyl,Ppip5k1
18.00252194,15.52639236,14.79467631,16.27827052,15.49082489,14.67635408,31.61941054,28.92578708,29.58724544,31.64912828,36.45256293,30.02731846,28.12604838,26.61580012,24.58751143,27.85821321,26.41227529,24.14299934,40.25710638,26.02445523,27.5883368,22.19615265,27.42190546,21.30029583,uc008lym,Ppip5k1
3.447480551,3.029829015,2.885066186,3.070219417,3.305848227,2.635657849,6.519267178,4.814877892,4.829480946,6.253705812,7.403725042,5.493063683,5.081585112,5.445980946,4.210829868,5.282449653,5.441362175,4.380359807,6.652822276,3.959472883,4.16496438,3.182199207,4.445749425,2.946513641,uc008lyn,Ppip5k1
16.34935373,13.79928708,13.2909322,13.87228114,14.07178022,12.49348061,27.33188715,25.22415042,26.41905699,26.67007123,30.83259455,23.54498607,24.04494762,23.24144125,20.96440636,23.03412604,19.47404651,17.24781366,32.02496061,19.13701134,20.75647423,15.67933116,18.69131216,15.4447517,uc008lyo,Ppip5k1
15.62089038,13.1677541,11.72768905,13.81427232,14.88311957,11.4621533,27.91737067,23.36490881,23.11502723,27.77566432,31.99850131,23.50787888,23.79137463,22.358605,19.59964862,22.99726358,21.89745102,18.61334578,30.72623209,18.91137218,20.09497372,15.92465886,20.24631786,13.99101276,uc008lyp,Ppip5k1
14.77824865,12.77872905,12.27330945,12.71389696,12.48279554,11.73080751,23.60148876,22.86637042,25.02170068,23.75410526,26.76322519,21.29923881,21.37212237,20.90733154,19.27171545,20.76966824,15.99625366,14.84653827,28.92550236,17.03999097,18.48184515,13.5613402,15.69615868,14.03139402,uc008lyq,Ppip5k1
9.674055793,7.881194779,8.337135794,7.753316289,7.644029045,7.529247877,15.46076592,14.3249007,15.5284879,14.28372839,17.20798974,12.91064216,13.57492042,13.16318284,11.63528395,12.60709731,9.910289321,8.727397805,18.73323753,11.8046803,13.18337619,9.329167252,10.3443197,9.855581744,uc008lyr,Ppip5k1
18.25957794,14.82766073,15.53517076,14.60394259,14.34757156,14.14923859,28.79739753,26.77854298,29.07138656,26.82834115,32.62012954,24.26766208,25.27774712,24.76208267,21.88323061,23.90974792,18.39602556,16.22437527,34.48861099,21.37676634,23.94716006,16.33503998,18.46693788,17.80736063,uc008lys,Ppip5k1
9.083038975,9.253120317,8.455630071,11.08546044,10.97961801,10.15609925,3.517733037,3.132414199,3.385820963,5.348695386,4.876703245,5.725587504,4.466763779,3.814109817,4.389679348,5.339039817,6.266194279,6.083062186,81.3604752,54.25471319,56.85729732,52.04224901,76.56843087,53.79591155,uc009rjd,Ppm1m
9.077485846,9.229075081,8.343013466,11.03600034,11.00399009,10.08201062,3.46144079,3.139367393,3.393336659,5.360568184,4.800251043,5.73829691,4.476678904,3.82257621,4.337459655,5.350891182,6.2801037,6.059838803,81.06801286,54.10596152,56.5762998,51.84654437,76.54213222,53.60615056,uc012gzs,Ppm1m
0.481026579,0.355222207,0.25032046,0.513144728,0.469806574,0.691797425,0.044409674,0.076764232,0.105660185,0.097221406,0.090699931,0.140549822,0.245662571,0.192605147,0.279039188,0.239171185,0.286587645,0.27988798,6.002868226,18.02204525,13.62978502,28.8043537,12.71340829,25.48974309,uc008exv,Prdm6
8.275859939,8.611737974,8.60421143,8.897929581,11.30399237,10.29215327,11.99380428,14.45914388,13.23624214,8.854590166,9.245481487,10.52828502,12.70791681,12.26406352,11.39773932,9.043077788,12.08078046,12.77098854,12.27013512,22.87983303,17.26039846,23.19834795,19.90913091,16.26625588,uc007nra,Prpf39
1.162664644,1.279269427,1.399411877,1.180666169,1.340022918,1.204291208,0.181136827,0.25690553,0.26520834,0.305033626,0.246629413,0.201589571,0.38538501,0.317258315,0.336726792,0.270145152,0.261577617,0.191596965,0.779341638,1.627713852,1.128562203,2.690131553,0.82763326,1.509537192,uc007cxv,Ptgs2
37.06202003,32.87793188,34.96763996,31.91553741,34.4492408,31.84162501,62.17565683,60.48042117,59.33353409,72.85915253,68.06446783,72.00700577,70.85713763,71.90017242,68.21146335,76.61587209,92.4369797,92.15950334,22.2790286,10.64564762,15.25721894,7.996576979,22.90659236,7.990885609,uc008yqj,Pxmp2
7.013140893,6.8835857,7.070154724,8.54178981,7.676806091,8.05864659,3.648050557,2.830338983,2.664004503,6.167631124,4.622803592,5.584962465,4.495555914,3.916244431,3.351853036,6.108019237,5.466966053,5.256385049,8.19321414,12.1894741,11.58731373,13.65811857,13.91210726,13.34739078,uc007dwv,Pycr2
7.643937175,8.549212458,8.296635317,8.213473459,9.067431147,10.41816023,4.146497068,3.925014208,3.993142234,7.13231189,5.847354756,6.204425163,4.095950944,3.693018499,4.819452577,7.337404001,6.139388751,6.731208046,14.11178253,22.2370572,19.63820225,29.43716553,22.1568924,26.92259847,uc009fvc,Rab4b
1.602403524,2.012802314,1.670837276,1.56985349,1.528732568,1.638504886,1.915649039,1.174216456,1.600058343,1.177812973,1.331887195,1.437366004,1.634622624,1.635121872,1.694184892,1.448749494,1.339039264,1.167621471,0.601594239,0.591282348,0.712037218,0.721727405,0.449255488,0.423422256,uc009ukt,Rbm41
12.53398876,11.98418804,15.06810768,11.25513766,13.60981431,10.06650736,1.010823527,1.323679171,1.147825175,0.965624348,1.000946251,0.789388755,3.558296285,3.885774367,4.219398331,3.612740685,3.45024414,3.84343461,33.26599768,22.20647349,23.67877787,19.9986669,26.89758882,18.27447919,uc007dth,Rgs7
11.77919122,10.61593288,8.885508626,8.769901817,10.4161556,9.158986908,5.678527588,6.958705202,5.568937889,7.228404516,7.015084991,5.335144126,6.818726967,5.466175645,6.506724421,7.10100969,7.767780989,6.189569819,10.54411026,10.44797327,11.70187453,4.224609343,6.021615618,5.220873302,uc007oxg,Serpina3n
0.045319211,0,0,0,0,0,0.028241947,0,0,0.049461687,0,0.025537554,0.039056745,0,0,0,0,0,0,0,0,0,0,0,uc007czx,Shcbp1l
1.4225144,1.655491099,2.00367853,1.61831562,1.973702175,2.02592723,1.032202765,1.259443437,1.372377181,0.733735427,0.942451613,0.93336109,1.225943265,1.237668283,1.27951933,1.03331909,0.854898461,0.946234941,0.575450415,0.241069721,0.472502487,0.173412147,0.438733606,0.090110137,uc009uqj,Shroom2
1.482682114,1.725512967,2.088427589,1.686765086,2.057183332,2.111617336,1.075861571,1.312713782,1.430424254,0.764770039,0.982314238,0.972839216,1.277796662,1.29001761,1.333638819,1.063391884,0.891057874,0.986257589,0.599790088,0.251266183,0.492487799,0.180746915,0.457290605,0.093921502,uc009uqk,Shroom2
1.341812109,1.774299498,1.895577598,1.567289438,1.67506441,1.913114063,0.947936751,1.181179651,1.210185573,0.728856969,0.954890903,0.794444888,1.02316789,1.069583107,1.117480027,0.971228416,0.759575115,0.847792282,0.472969702,0.194183093,0.379426679,0.136467539,0.311473414,0.057187592,uc009uql,Shroom2
1.345042796,1.778571487,1.900141589,1.571063008,1.679097471,1.917720276,0.950219103,1.184023582,1.213099343,0.730611841,0.957189998,0.796357676,1.025631376,1.072158347,1.120170589,0.973566847,0.761403947,0.849833515,0.474108473,0.194650629,0.380340227,0.136796112,0.31222335,0.057325283,uc009uqm,Shroom2
0,0,0,0,0,0,0,0,0,0,0,0,0,0,0,0,0,0,0,0.01114692,0,0,0,0,uc007nvy,Six6
0,0.013507397,0,0,0,0,0,0,0,0,0,0,0,0,0,0.020917426,0,0,0,0,0.030841742,0,0,0.0288207,uc007pvb,Slc17a2
0.095431673,0.248187986,0.087068859,0.248691765,0.130730097,0.051230393,0.033983395,0.019580638,0.020213456,0.014879251,0.046270574,0.030729213,0.046996789,0.018423286,0.016425214,0.018301979,0.019936732,0.05841199,0.013199843,0,0,0,0,0,uc012bia,Slc22a8
0.093237211,0.242480875,0.085066701,0.24297307,0.127723944,0.050052345,0.033201943,0.019130379,0.019748645,0.014537101,0.045206576,0.030022592,0.045916093,0.01799964,0.016047514,0.035762245,0.019478284,0.0570688,0.012896311,0,0,0,0,0,uc008gmc,Slc22a8
0.098086561,0.25509252,0.089491095,0.255610315,0.134366979,0.052655611,0.034928806,0.020125367,0.020775789,0.015293189,0.047557811,0.031584093,0.048304229,0.018935817,0.01688216,0.037622271,0.020491367,0.060036999,0.013567059,0,0,0,0,0,uc008gmd,Slc22a8
11.54488297,11.20551347,10.6979714,13.44719583,13.20150435,13.30776513,9.357289634,8.799345703,8.689924436,13.64373332,13.40161657,13.07104138,10.55994689,10.33708954,9.919994456,13.3116997,12.19613759,12.29035594,122.7521812,51.19118822,59.60089393,37.83063454,111.0993866,39.4828946,uc029rpw,Slc25a19
1.307317533,1.761406791,2.112470463,1.179535193,1.378214938,1.381061349,0.412253702,0.294088937,0.256886774,0.275048676,0.240561373,0.301771947,0.271485532,0.127710568,0.26567309,0.126869664,0.11516817,0.089980673,0.305005201,0.539598826,0.514423898,0.527031463,0.37265741,0.611817815,uc007xkl,Slc38a1
0,0,0,0,0,0,0,0,0,0,0,0,0,0,0,0,0,0,0.011034497,0,0,0.016227214,0,0.021080365,uc009dhs,Slc6a11
13.73004259,8.43095026,12.05710214,7.96419623,14.74314721,10.39059896,8.1997528,4.929969536,5.513407169,7.804718398,16.01861552,9.993538533,13.31184057,9.66369575,3.446253218,11.52007874,13.80397156,14.29831775,9.139424373,16.06009687,11.89006257,10.9966423,12.88035203,7.40727577,uc011zyw,Snora34
0.759653996,0,0.485159102,0.364669245,0.910556557,0,0,0,0,0,0.644564261,0.428068018,1.309361367,0,0.457617231,0,0,0,1.103268814,0.722905166,1.127745982,1.081636947,0.579776891,0.702563627,uc009syd,Snora69
0,0,0.399928449,0,0,0,0,0,0,0,0,0,0,0.423113165,0,0,0,0.447167466,0,0,0.619752296,0,0,0.868710431,uc009ilt,Snord15a
0,0,0,0,0,0,0,0,0,0,0,0,0,0,0,0,0,0,0,0,0,0,0,0,uc009kwc,Spaca7
0,0,0,0,0,0,0,0,0,0,0,0,0,0,0,0,0,0,0,0,0,0,0,0,uc012fzn,Spaca7
48.26455954,43.75832883,41.60528854,53.18302738,53.33397847,57.12025782,53.77169228,50.37199643,55.64480152,71.23368552,72.44879495,74.98873579,54.87161868,57.63766503,55.33567435,65.89362813,70.58100145,68.81397272,36.69433707,39.30149678,39.21152503,42.76147906,43.90310523,55.13354085,uc011xxz,Spag7
47.0174133,42.69682334,40.53021649,51.88542917,52.00368097,55.69427703,52.38224286,49.07039445,54.20695135,69.43658303,70.57673307,73.09602453,53.52254244,56.14831968,53.95389922,64.1909504,68.75720296,67.14984041,35.74616298,38.32393632,38.2378092,41.71336148,42.79912007,53.81964155,uc007jvz,Spag7
0.119276432,0.129250316,0.038088424,0.200403819,0.14297027,0.112054123,0.111495715,0.171311683,0.044212056,0.032544772,0.151808571,0.168031847,0.051397068,0.040296492,0.359261918,0.200155808,0.08721358,0.085174755,0.230971764,0.056753173,0.383656183,0.148603274,0.364132719,0.220624871,uc008sqq,Spag8
0.148641199,0.12885645,0.047465445,0.249741408,0.133626183,0.046546941,0.092629961,0.213487053,0.05509666,0.040556997,0.189182453,0.125639851,0.064050556,0.05021712,0.402938027,0.299318806,0.054342383,0.053072001,0.2878349,0.106087927,0.478108828,0.105821738,0.453778865,0.206205523,uc008sqr,Spag8
4.953657598,5.019672049,4.505941898,4.759743613,4.784049945,4.733669229,3.765125998,3.481195427,3.686894199,4.647578801,4.386490387,4.130660407,3.906883015,3.753210339,4.26907685,4.735771944,3.51003605,3.248446466,4.012708519,6.10093719,5.275880475,6.096815922,6.419077796,6.706754812,uc008vom,Spen
3.664480886,3.59438044,2.79723112,3.083718506,3.202439459,2.669952487,2.074368301,1.551682283,1.991464797,2.517574948,2.130676819,1.760554474,1.93764031,2.032116286,1.882084224,2.410723473,2.006901519,1.98083635,3.548025375,4.334697896,3.771233727,5.332020319,3.866457921,4.968855796,uc008yyy,Ssh1
0.248587092,0.254680799,0.245359663,0.444787994,0.216704023,0.325533484,0.563323878,0.486866048,0.552860929,0.678273991,0.767001608,0.687664496,0.506375793,0.458088869,0.47647539,0.28821265,0.528768213,0.306616658,0.142224201,0.193550322,0.178928729,0.30568574,0.189724601,0.376208175,uc008wws,Tcf23
3.972698925,4.310916484,4.435657261,4.054212519,4.562063036,4.593412887,6.82115814,8.498877339,7.743789372,5.821533838,5.421604664,6.449763439,5.650349594,6.795177141,6.627219318,6.041825471,5.850211623,7.062457871,5.541037537,3.621893569,4.316715934,2.432710436,4.219371507,3.442898733,uc011wxm,Tfb2m
3.29369588,3.413222078,3.288300583,3.253123764,3.56225496,3.793727815,5.426307,6.089962368,5.837725238,4.462462519,4.175975971,4.885361223,4.176263708,4.732368654,5.176981856,4.497913098,4.401400023,5.271753706,4.5269475,2.557926695,3.203572531,1.91363138,3.120563852,2.626003752,uc007dvl,Tfb2m
0,0.023609167,0,0,0,0,0,0,0,0,0,0,0,0,0,0,0,0,0,0,0,0,0,0,uc007eso,Themis
0,0.020181361,0,0.011175496,0,0,0.029015213,0,0.034516722,0,0.019753037,0,0.02006306,0.031459808,0.028047878,0,0,0.049872483,0,0,0,0,0,0,uc007esp,Themis
0,0.020135839,0,0.011150288,0,0,0.028949765,0,0.034438865,0,0.019708481,0,0.020017805,0.015694423,0.027984613,0,0,0.049759989,0,0,0,0,0,0,uc007esq,Themis
5.141098413,5.593430143,6.324408344,5.598473936,5.934889664,6.050755756,8.235324262,8.84586306,8.952694499,6.966713638,6.440843172,7.018976779,8.563983805,7.81010824,8.355688554,7.272317766,7.417310381,7.317830656,6.714906393,6.337127715,6.744363224,5.232207317,6.372797065,4.467530434,uc007rip,Tmem161b
5.191267579,5.668784744,6.561090314,5.806038956,6.156994453,6.297230274,8.581488626,9.208811021,9.317378045,7.236299285,6.676712815,7.308117192,8.916421513,8.049129224,8.668464757,7.458164188,7.778052587,7.622236636,6.948627536,6.656183416,6.994625758,5.368643763,6.659001951,4.615820935,uc007rir,Tmem161b
5.0287656,5.471213898,6.186220252,5.508550724,5.805212541,5.918546963,8.055382727,8.652581275,8.75707845,6.814491199,6.300110983,6.865612392,8.376861071,7.63945766,8.173117064,7.113417888,7.255242419,7.182037119,6.568185933,6.198661705,6.596999133,5.12989759,6.233551681,4.369915057,uc007riq,Tmem161b
0,0,0,0,0,0,0,0,0,0,0,0,0,0,0,0,0,0,0,0.040680088,0,0,0,0,uc008uvz,Tmem54
0,0,0,0,0,0,0,0,0,0,0,0,0,0,0,0,0,0,0,0.039798931,0,0,0,0,uc008uwa,Tmem54
19.10021687,19.93119995,18.8778941,20.73040812,20.68736255,21.08036365,11.93343811,11.58314299,11.92109291,14.36183964,14.45667996,13.72357715,12.16578807,11.97673653,11.90532138,12.35928978,11.8655981,12.93812432,25.88575507,14.80031035,17.74937742,14.08735421,22.01616351,15.26935967,uc008zhk,Tpcn1
3.515364354,4.240864011,3.532524499,4.366358017,3.712752093,4.511114701,2.527729124,2.083140974,1.877100837,3.300091646,3.253938199,2.451910019,2.499942473,1.976623095,2.088045517,2.788653544,2.911915679,3.440698636,4.450923912,4.012027796,4.464518,4.016545475,3.902498242,3.933238172,uc007xbh,Ttll12
1.104768328,0.549801743,1.045287603,0.549982402,0.588545165,0.691915656,1.427932765,1.821803312,1.880681325,1.228080193,1.77063083,1.106740093,0.881578846,0.912355276,0.764109654,0.549301768,0.568447715,0.905785578,0.752723211,2.083179699,1.316118563,2.126503014,1.358444132,1.210952936,uc008rrw,Ttll7
0.945847379,0.747213631,1.178916653,0.893454657,0.896017629,1.041448539,2.03448939,2.563584159,2.691673654,1.673331625,2.291147432,1.822477565,1.183274717,1.360648362,1.249841167,0.76800525,0.981615756,1.220123114,1.772494424,6.148204316,4.280422526,5.653088706,3.516263334,5.248583974,uc012czi,Ttll7
0.971925376,0.767815089,1.211420614,0.918088133,0.920721769,1.070162361,2.090582383,2.634264845,2.765885901,1.719467121,2.354316754,1.87272517,1.215898834,1.398162855,1.28430059,0.789179955,1.008679925,1.25376318,1.813774926,6.310257781,4.398438235,5.814530416,3.613210378,5.400541952,uc008rrx,Ttll7
0.8308236,0.852112085,1.225639308,1.0560674,1.051968749,1.201921949,2.36269557,2.924368293,3.105629003,1.902932249,2.56165463,2.202388331,1.331184057,1.597145352,1.480322405,0.864005906,1.180752939,1.353697875,2.29996258,8.273795668,5.836939808,7.472718288,4.66193327,7.391643532,uc012czj,Ttll7
8.264261306,7.036321358,6.314793795,7.792772722,9.021469579,9.335107632,12.27748919,11.76362954,11.04977561,16.22735176,16.71658936,16.13298382,13.48141815,12.06546268,12.53492293,14.85870029,14.45940044,12.96216012,30.25615171,10.28700958,14.09443041,7.01298605,18.78135537,8.120874789,uc007ynx,Txnrd2
10.19212414,9.510299335,8.8240381,10.90638613,12.36253794,11.45646056,16.28048146,16.28054507,14.20996377,23.2563401,21.87796593,21.24610554,17.94478036,16.73173804,15.79632223,20.21365628,20.88085376,20.25375205,44.74850588,17.40740461,22.17249239,13.10938302,30.3723961,13.49807283,uc007yny,Txnrd2
10.53621646,9.798885898,8.852279384,11.41704541,12.75181191,11.94835832,16.73358709,16.60191728,14.71178133,23.6126328,22.52346571,21.90423101,18.38091893,16.86474903,16.32976276,20.90779854,21.5037787,20.59931718,46.15381797,18.20348616,22.67773524,13.41808836,31.1700471,14.04894617,uc012acg,Txnrd2
6.417606467,6.054284876,3.616460926,7.520653312,7.126820463,7.920469212,7.645744885,5.557511483,6.996490376,11.12434648,11.85158075,10.423587,7.482826877,5.866709632,7.163433878,9.502305278,9.799005178,7.548113971,18.00133244,7.095071274,8.966843814,5.912654921,15.41427195,6.633574285,uc007ynz,Txnrd2
2.662981881,2.152017766,2.306080928,2.585599667,2.939501248,2.525292457,1.650136588,2.182471903,1.628410419,2.545149078,2.425486942,2.509479261,1.893047457,1.972146948,1.903271664,2.443902419,2.046149504,1.525596018,2.607487485,4.810605287,3.990560889,6.105278677,4.305972848,5.384876474,uc012egi,Usp42
194.4262745,211.7191219,184.926566,202.9203406,200.2186767,220.8141964,79.79858998,88.40075146,80.3937182,100.0736824,89.48477901,112.2509178,94.5910067,83.6536716,93.45472058,89.64932817,97.25046447,108.4729769,777.0866472,1844.557175,1518.536405,2325.538014,1242.818152,2326.349061,uc008ikb,Vim
0,0,0,0,0,0,0,0,0,0,0,0,0,0,0,0,0,0,0,0,0,0,0,0,uc009vaw,Vmn2r92
17.34533376,17.58464217,16.73248018,16.26990256,17.83321808,16.95413099,22.16119224,25.17295721,22.05894248,20.87141828,19.33591833,19.01667865,21.20304128,20.15436775,21.59723982,17.97565302,18.04235195,16.89501637,18.44541048,15.26309247,18.20819628,13.92448754,17.00467005,17.28350535,uc009lct,Vps36
15.86376543,15.29031242,15.06397159,14.429075,16.63816519,12.55006175,19.77190687,21.28547658,17.95009486,19.59195256,17.35677996,18.93718919,21.04709928,19.04009244,16.22067562,15.41199724,15.10975266,17.43953118,17.88587595,15.29498002,18.90244504,14.19161269,18.55938952,16.98811509,uc009lcu,Vps36
6.591479317,5.817393927,6.644226885,5.146617367,5.187909636,5.719849264,6.087264793,5.531958104,6.947089279,5.027121444,4.582095208,5.101602389,7.733871384,6.439151512,6.793282693,5.757077913,3.716329806,4.309974001,4.26748537,3.211879423,3.340395838,2.88343834,1.575880289,2.754266146,uc012adh,Vps8
9.061295516,9.157741009,9.654926717,9.035991747,9.303363012,9.167886263,7.938840937,8.486471331,8.145712981,8.128954999,8.290735051,7.916235365,8.198420211,8.371025057,8.384945914,8.093158961,7.805034176,7.622573008,5.970863608,6.350981451,6.532117697,5.880042668,5.051336433,5.805688407,uc007yrj,Vps8
9.212748942,9.294272743,9.840663661,9.245903485,9.49615033,9.353123668,8.147633872,8.694067898,8.313876224,8.253058241,8.517380889,8.030394738,8.389403208,8.526371361,8.596157904,8.291909259,7.936435738,7.764453276,6.072195175,6.4647023,6.629471532,6.025187302,5.170270821,5.966899927,uc012adi,Vps8
9.945247958,10.54782353,10.88600561,10.22481382,10.3454667,10.09830443,8.984076981,10.04156953,8.879487336,8.739641507,9.082325067,8.795671265,8.687727529,9.081839542,9.027369614,8.785575843,9.074955467,8.495135851,6.546276692,6.833778953,7.388824598,5.903460601,5.20154805,6.127710651,uc012adj,Vps8
3.093225257,3.455015258,3.57111976,3.483785009,3.672032635,3.203971155,3.225074398,3.460155127,3.483785176,2.889048264,2.876957554,2.715127182,3.691088014,3.175249761,3.010052233,2.275917996,2.653184871,3.058418819,2.39017972,1.613312749,1.883919689,1.799835549,1.407391656,1.567916387,uc007yrk,Vps8
0,0,0,0,0,0,0,0,0,0,0,0,0,0,0,0,0,0,0,0,0,0,0,0.013476849,uc007ofm,Vsx2
0,0,0,0,0,0,0,0,0,0,0,0,0,0,0,0,0,0,0,0,0,0,0,0.013239537,uc007ofn,Vsx2
1.107157461,1.40194088,1.287071745,1.576545912,1.401645985,1.059595817,1.783033495,1.983237409,1.659999515,1.683556329,1.055528051,1.752493226,1.458048578,1.882825189,1.513760944,1.65332459,1.637273991,1.670065447,4.589005907,4.036818889,4.875495648,3.870227665,4.452842164,4.544502172,uc007phj,Wdr60
25.38978158,26.94718759,27.58131272,18.68109575,19.01577804,21.48520995,26.57480395,27.60530491,29.30162926,20.94016794,22.20469654,17.30622316,26.58472915,25.2865056,28.26179742,22.34406495,12.59129307,11.95804967,5.05442928,11.64527773,10.1318393,10.16002869,5.174307289,8.527385294,uc008kbs,Zak
22.55972459,23.06112865,24.02767005,15.26350493,15.6183524,18.38626858,22.48833806,22.37946697,23.47104307,17.40041428,18.43290446,14.30314598,23.04271818,20.96513362,23.61590363,18.70496996,11.06299156,10.38509394,4.088689851,9.455543206,8.269404421,8.134942985,4.18812517,7.059189502,uc008kbt,Zak
55.35552435,53.46615322,55.58703411,46.25526698,50.93790642,52.73214249,69.56573158,70.0828788,71.03539891,57.94394913,56.80297714,54.0107357,68.59944495,67.93419269,68.7098075,58.57890952,52.60238038,52.35269561,14.21794866,36.28078295,31.52522905,32.58933841,25.29013755,34.02871556,uc008kbu,Zak
14.24636056,14.32612987,15.12578816,9.607842379,10.07921107,11.52524042,14.03160536,14.05351844,14.69317541,10.89158519,11.48654499,9.179195774,14.46973912,13.09138023,14.75273401,11.71772377,7.032595426,6.689539455,3.606526409,8.266574523,7.593173904,6.956184344,4.285549397,7.159869331,uc008kbv,Zak
0.41646699,0.409171343,0.301443972,0.373190576,0.449277007,0.486888255,0.1557199,0.259200016,0.246994136,0.31817438,0.37692913,0.297262332,0.215350327,0.243879488,0.150528376,0.167727929,0.223311703,0.297397176,0.45699611,0.871904194,0.769398896,1.24527585,0.98534281,1.104148828,uc007whf,Zc3h3
0.772314896,0.602564974,0.295947052,0.22244824,0.370293,0.193480119,0.385031871,0.665545887,0.229018452,0.758618628,0.524245599,0.348161988,0.399355217,0.417471656,0.186097674,0.311042126,0.338824757,0.441205233,0.747771085,0.881944303,1.299413981,1.374580287,1.06099171,1.285691437,uc007whg,Zc3h3
1.236054487,1.151325434,0.906988697,1.729591874,1.875632816,1.976527886,0.786671245,0.642127133,0.662879741,1.334686576,1.294249918,0.978094119,0.838600626,0.888489621,1.077296409,1.235695166,1.30760973,1.164361143,2.024329214,4.141934793,2.785016278,7.096017191,4.827251346,5.654999227,uc009eyx,Zfp628
2.822413241,3.395776527,3.03703509,2.660510506,3.096026742,2.956839021,2.345155358,2.653339086,2.307937885,1.904247572,2.090015676,2.40975905,2.624039448,2.565855695,2.328797025,2.480070109,2.126253548,2.076547333,3.660186264,4.150900649,4.130766874,4.079595979,3.590165131,4.034100117,uc007rba,Zfp87
2.329518795,2.191562604,2.197835865,1.664708333,1.90382005,2.1055677,1.253745594,1.064569257,1.118599121,0.996756838,0.628915029,0.954685827,1.209130334,1.091078451,1.467093915,0.977281744,0.561320648,0.623812026,0.102522171,0.100764845,0.117896324,0.08480701,0.09091617,0.08568828,uc009fbv,Zim1
19.95500912,21.11590766,25.57686645,18.2986418,21.79635449,22.51849648,1.331151077,1.217280954,1.317920309,1.120537057,0.865297568,1.320168131,1.734003322,0.968410088,1.319979039,1.008285256,1.259571586,1.00378291,0.807259194,1.304884136,1.186606776,1.005640894,2.398077916,0.796587012,NM_001290376(ref,NA
0,0,0,0,0,0,0,0,0,0,0,0,0,0,0,0,0,0,0,0,0,0,0,0,uc029ucl,NA
0,0,0,0,0,0,0,0,0,0,0,0,0,0,0,0,0,0,0,0,0,0,0,0,uc033hpw,NA
7.564454117,7.772813027,8.015232671,6.088123907,7.069806416,6.833094941,5.719437462,5.48923406,5.666638059,5.650669577,4.881139458,5.030165703,5.892312991,5.629433723,5.831485325,6.32026238,5.521373743,4.929561896,5.659500336,5.965205472,6.864853275,5.018159541,4.885083595,5.295894143,NR_111965(refseq,NA
49.97486665,43.40866085,45.50895826,51.41447583,49.38555892,47.35106185,42.73114897,38.54206034,42.30737452,45.22596343,47.71864523,44.11783992,46.83270136,44.7024021,46.28237243,49.39534659,52.59369355,53.48084757,31.8751376,51.05498468,51.51370515,56.54009218,44.98846155,59.90755552,uc008pud,NA
0,0.145547095,0.428908772,0.322388753,0,0,0.209256451,0,0,0.183241215,0,0.567655415,0,0.45377354,0.40456016,0,0,0,0.325117863,0,0,0.119528721,0.256278191,0.465830231,uc008pxs,NA
0,0,0,0,0,0,0,0,0,0,0,0,0,0,0,0,0,0,0,0,0,0,0,0,NM_001099348[[2],NA
0.032269425,0.097909815,0.103045631,0.154908245,0.232077785,0.060630956,0.12065762,0.13904162,0.071767621,0.105657191,0.164283092,0.072735791,0.111241008,0.087215527,0.09719586,0.151622206,0.047190078,0.069130346,0.10935371,0.092125101,0.191622576,0.114867433,0.036942608,0.074610692,uc008xmq,NA
0,0,0,0,0,0,0,0,0,0,0,0,0,0,0,0,0,0,0,0,0,0,0.01766553,0,NM_019792(refseq,NA
0.545163456,0.70889997,1.392692012,2.617038112,0.980187352,2.390048524,1.358936014,2.740483066,1.616600835,0.594995003,0.925139292,0.614403508,1.879318668,1.473429375,1.970445958,1.097795739,1.195852082,0.77859747,0.263919206,0.778186149,0.269774529,1.164350361,0.20803759,0.25209636,uc009cdd,NA
0,0,0,0,0,0,0,0,0,0,0,0,0,0,0,0,0,0,0,0,0,0,0,0,uc033ixg,NA
0,0,0,0,0,0,0,0,0,0,0,0,0,0,0,0,0,0,0,0,0,0,0,0,uc009hmq,NA
9.267778751,16.06839932,8.878411574,6.673447186,19.44038248,5.804403557,92.40764895,66.55458874,51.52915162,40.45966018,35.38657792,60.05794286,43.92907387,53.22763619,39.08051149,52.87716144,47.43546591,46.32654949,11.21656628,2.204860757,6.879250488,4.948489033,15.91487564,0,uc029wqd,NA
6.731184872,7.370825376,7.602309605,4.761888919,4.246479354,5.325140878,7.859595524,7.632406966,8.929618528,5.335849679,5.891750996,5.749464015,6.472729817,7.181278493,5.975613378,5.516955142,5.284422808,4.148948295,4.596391073,5.057020084,4.417867286,4.287681629,2.920160669,3.669659556,uc009pcd,NA
0,0,0,0,0,0,0,0,0,0,0,0,0,0,0,0,0,0,0,0,0,0,0,0,uc009pnc,NA
0,0,0,0,0,0,0,0,0,0,0,0,0,0,0,0,0,0,0,0,0,0,0,0,uc009pne,NA
0,0,0,0,0,0,0,0,0,0,0,0,0,0,0,0,0,0,0,0,0,0,0,0,uc007fix,NA
10.53836132,9.653997978,10.7877474,11.94762319,10.97440947,12.03009447,6.753583215,7.460554705,8.034115038,9.82941341,9.766188171,10.36062689,7.987104341,6.666079675,7.473922705,8.378070171,8.798513839,10.30071895,64.15152261,31.9349187,40.57278379,23.67825398,52.3650747,27.82208621,NR_125917(refseq,NA
6.213716691,6.654091743,7.833129697,6.472639397,5.549526989,5.188862076,1.72100135,1.924891699,2.348392537,1.861640806,2.825688372,1.968137441,2.450032006,2.140411209,2.348647241,3.652904899,2.672587913,2.958124483,9.279963685,5.217461913,5.426227379,2.978056503,6.013216234,4.394563194,NM_001291156(ref,NA
0,0,0,0,0,0,0,0,0,0,0,0,0,0,0,0,0,0,0,0,0,0,0,0,uc033gax,NA
0,0,0,0,0,0,0,0,0,0,0,0,0,0,0,0,0,0,0,0,0,0,0,0,uc029rre,NA
0,0,0,0,0,0,0,0,0,0,0,0,0,0,0,0,0,0,0,0,0,0,0,0,uc029scm,NA
0,0,0,0,0,0,0,0,0,0,0,0,0,0,0,0,0,0,0,0,0,0,0,0,NM_001291094[[1],NA
0,0,0,0,0,0,0,0,0,0,0,0,0,0,0,0,0,0,0,0,0,0,0,0,uc029sgu,NA
0,0,0,0,0,0,0,0,0,0.561939725,0,0,0,0,0,0,0,0,0,0,0,0,0,0,uc007vwy,NA
0,0,0,0,0,0,0,0,0,0,0,0,0,0,0,0,0,0,0,0,0,0,0,0,uc008bjn,NA
0.464420984,0.380237734,0.560256113,0.569744934,0.432970657,0.355503559,0.578834104,0.444685448,0.573821288,0.506872135,0.65676648,0.552484223,0.800489299,0.48813501,0.528451078,0.79665578,0.452772503,0.736979788,0.824380149,0.294636181,0.408567215,0.202054118,0.374143327,0.357931915,uc008dlt,NA
0,0,0,0,0,0,0,0,0,0,0,0,0,0,0,0,0,0,0,0,0,0,0,0,uc008fhp,NA
0.016134712,0,0.020609126,0,0.038679631,0.020210319,0,0,0,0,0,0,0,0.021803882,0.019439172,0,0.023595039,0,0,0,0,0.011486743,0.036942608,0.014922138,uc012hie,NA