"gene","tissueA1","tissueA2","tissueA3","tissueB1","tissueB2","tissueB3"
"KREMEN1",2017,1080,725,837,3192,1533
"PPL",2616,998,4260,1608,5423,1818
"CCDC169",54,4,8,9,16,12
"TMEM40",32,2,8,4,9,2
"C1orf174",943,680,819,872,1307,1516
"ZNF496",1909,2214,2147,2584,2945,2588
"ODF3L1",13,10,12,12,36,37
"GPR84",24,40,62,68,12,177
"ANKFY1",2867,2939,4624,4848,5145,3864
"FAM20A",798,1776,814,365,945,2442
"GNA11",4720,4595,6125,5229,7575,3764
"HOMER3",886,1408,1494,1362,1768,1695
"WLS",3012,2219,2698,3569,5754,1887
"MYO6",2257,1590,2154,2828,3417,2575
"PPM1H",713,336,899,748,681,485
"CCDC130",2122,2087,2246,2876,3063,3446
"MIR4446",0,0,0,0,0,0
"RALY",5302,6800,10318,7698,7292,5988
"LINCR-0001",14,15,10,21,29,11
"RAP2C-AS1",175,91,113,158,304,178
"ADGRB1",151,167,230,138,561,261
"LINC01264",0,0,0,0,0,0
"ATF6B",3126,3795,5435,5515,5537,4419
"CCND1",4106,3202,6143,7377,2979,2484
"FBXO16",181,216,297,281,317,174
"FKBP4",2385,6489,8438,4729,2573,1626
"LOC107984360",279,57,197,178,607,266
"NANP",317,184,218,248,429,296
"MIR370",0,0,0,0,0,0
"DNAH7",14,96,80,135,143,50
"SNORA79B",3,0,5,6,3,0
"HAP1",0,2,17,4,25,18
"DMP1",0,2,4,6,4,0
"BAALC",233,151,111,71,259,264
"SNRK",3634,1743,3350,3684,4941,3442
"KCTD6",646,334,443,717,790,686
"ULK4P2",8,10,19,12,48,37
"ICE2",1751,1260,1563,2037,2849,1725
"CCT6P3",630,352,512,277,520,1034
"C1GALT1C1",860,1070,1578,934,1323,534
"PSAPL1",8,2,2,0,2,0
"ECHDC2",5732,2748,4521,5374,9068,6114
"MLC1",34,37,50,183,108,299
"RHOF",90,45,70,92,107,198
"MIR616",2,0,0,0,3,0
"FAM53A",44,111,86,113,133,103
"ZNF610",123,59,72,187,135,95
"PRPS2",769,1178,1029,1139,1491,733
"LOC102723604",1,0,0,0,0,0
"PTGR2",1607,463,389,461,830,583
"C9orf64",543,430,573,525,849,545
"RAB34",1928,5382,5730,7748,5845,4821
"SMIM9",9,0,0,0,0,1
"MAB21L1",113,52,40,59,49,53
"MIR3140",0,0,0,0,0,0
"CLBA1",335,590,516,741,548,521
"C1orf27",1331,813,1328,1357,2001,1237
"MIR4688",0,0,0,1,0,1
"CLEC12B",37,3,0,12,3,159
"C7",66002,50337,53082,85948,449048,61142
"BTG1",7602,6679,5884,8595,8405,5656
"DLL4",1378,1015,1460,656,1924,1231
"FOSL2",12504,33159,26684,10097,44646,8404
"PIP4K2A",2219,3606,4640,6086,5172,3063
"NSUN5P1",1932,1405,2326,1983,2559,3895
"SPANXN1",0,0,0,0,0,0
"LINC02225",0,0,0,0,0,0
"TMEM178B",2363,56,22,204,116,59
"OR8H3",0,0,0,0,0,0
"DSE",2618,2432,3205,3803,5920,2593
"TC2N",1089,6806,7593,3194,3213,4500
"CACNB4",92,134,183,344,96,906
"LOC101929227",0,0,0,0,0,2
"SDHAP1",967,845,1213,2346,1199,1220
"DEFB113",0,0,0,0,0,0
"LINC01799",0,0,0,0,0,0
"CALHM2",3256,3138,4158,5120,6014,4091
"SRCAP",7082,8885,11509,10462,10869,8627
"CISH",975,619,275,382,1122,921
"ZNRF2",812,573,497,767,563,598
"NDUFB1",3240,1490,1592,1665,1718,1328
"GSX2",2,0,0,2,0,0
"MIR138-2",0,0,0,0,0,0
"LOC105378052",0,0,0,0,0,0
"SLC39A9",1977,2172,2365,2715,3697,2296
"RRP15",988,1526,1435,1243,1516,838
"FSIP2-AS1",4,11,18,6,11,21
"JDP2",2238,1923,2117,1908,5289,1619
"SERPIND1",31,17,65,12,27,23
"MIR552",0,0,0,0,0,0
"LMO3",529,200,1102,1695,4113,1096
"DAGLB",794,777,807,927,951,1699
"NMUR2",2,0,0,0,0,0
"NUDT1",319,361,324,426,455,318
"LOC102725532",0,0,0,0,0,0
"ITGB1",23158,37459,65078,47251,39353,9383
"OR4A5",0,0,0,0,0,0
"TMEM92",8,9,13,15,6,46
"DESI1",3155,2482,2037,2315,2516,1932
"CETN2",1597,2125,3193,3213,2297,1445
"MIR5697",0,0,0,0,1,0
"KLRF2",0,0,1,0,4,1
"PITPNB",3776,5933,8906,10237,5071,3898
"HEYL",5753,21744,16603,12235,17303,1379
"ART3",1141,29,101,145,72,28
"MIR3937",0,0,0,0,0,0
"HEMGN",0,2,2,2,56,4
"MIR3129",0,0,0,0,0,0
"ZNF132",304,265,166,234,270,250
"MIR548H4",0,0,0,0,0,0
"CCDC51",479,390,883,527,539,509
"ARF1",17613,26204,33341,24216,25289,14001
"CTD-2194D22.4",0,0,0,0,0,0
"C19orf48",540,1017,669,726,958,914
"CLEC14A",5481,1334,1864,2231,5989,3110
"ACBD4",800,639,1332,2038,1901,1877
"TNFAIP8L3",503,4134,4167,3061,2830,848
"ZZEF1",4363,4168,4993,6008,6807,6061
"LOC101928809",0,0,0,0,0,1
"CT47A5",0,0,0,0,0,0
"AP1M2",12,0,0,0,10,20
"DCAF12L1",2,0,2,0,34,0
"MIR1202",0,0,0,0,0,0
"LOC101929148",0,0,0,0,0,0
"LIPN",4,4,0,4,12,4
"SYNPR-AS1",0,0,0,0,0,0
"ATXN2L",5353,9128,9661,8757,7521,9996
"SLX4",585,563,670,663,1026,762
"TBX5-AS1",87,20,47,91,86,65
"NIP7",683,834,607,577,1141,628
"ARHGEF40",4578,3714,6028,4957,6567,5721
"NPC1L1",55,98,287,224,152,135
"C1orf216",1177,1633,2273,2011,2040,1784
"SPATA31A1",0,0,0,0,0,0
"TRMT10C",1008,318,371,803,1057,607
"KRTDAP",15,1,2,25,10,1
"MIR4437",0,0,0,0,0,0
"SDAD1P1",161,97,93,197,296,38
"HADH",9303,2356,3827,4812,4677,2058
"LINC02201",0,0,0,0,0,0
"WFDC12",0,0,0,0,0,0
"ZNF613",235,187,241,403,339,264
"C6",1560,490,837,991,13602,1375
"FOXD2",79,213,426,295,57,149
"LINC02076",21,17,21,6,33,41
"METTL2A",648,509,606,568,610,338
"EFNB1",5055,2054,1725,2596,5225,3249
"POLR3D",1190,3026,1884,1360,2245,1254
"TLN2",3907,2755,2887,3285,6119,2629
"MED15P9",0,0,0,0,0,0
"HLA-A",17082,17325,10462,26929,29713,24969
"MIR133A1HG",939,17,50,122,52,138
"MED22",1760,2736,3301,3258,3025,3078
"FAM53B",3220,1640,1088,2259,2533,2035
"C4orf47",11,17,16,40,27,41
"RARRES2",3263,2789,5416,6289,9572,6860
"MIR4798",0,0,0,0,0,0
"WI2-2373I1.2",0,3,0,0,0,0
"CCL22",16,12,0,0,28,36
"WIZ",3698,6815,7348,6137,6110,4216
"UBE2O",2312,2087,2371,2134,2317,1980
"PGF",1047,2010,1859,4002,1523,1088
"ERICH3-AS1",0,0,0,0,0,0
"LINC01856",1,0,0,0,0,0
"ANKRD65",263,121,126,87,637,514
"SERPINF1",17307,23047,21086,18641,60590,28237
"ASB8",2643,901,1621,2143,1975,1456
"DNM1",1036,550,1310,394,1816,2131
"MIR4518",0,0,0,0,0,0
"PIH1D1",1357,1621,2012,2572,2111,1780
"PDZD8",1162,2305,2035,1819,1900,769
"CNDP1",5,2,2,6,29,21
"NCKAP5L",2621,2352,2847,3485,3198,3337
"SQOR",1538,3358,3542,3455,2534,2411
"EVX1",7,0,0,15,4,0
"PRAMEF10",0,0,0,0,0,0
"DSCR10",0,0,0,0,0,0
"TOMM5",1550,2584,2475,1897,1966,1496
"ELL2",2783,15997,11284,10392,13742,3607
"DDR2",6029,11921,11949,18027,27091,6659
"SYTL5",23,0,4,2,10,6
"APOE",11099,4083,5001,9581,17956,10803
"VAT1",8981,7135,12822,11891,18024,9079
"COX7B2",0,0,0,0,0,0
"LLPH-AS1",2,4,8,10,4,0
"MIR1972-2",0,0,0,0,0,0
"HINT3",1788,2282,2402,3347,2052,998
"PEBP1",17220,10881,16498,16171,18399,8794
"B3GNT8",195,105,267,267,205,200
"CLEC18B",6,15,69,120,9,28
"USP31",2301,1108,1114,1088,1686,1653
"ABCD1",1285,950,1841,2487,2147,1366
"SNORD121B",0,0,0,0,0,0
"PCDHB4",257,384,442,264,829,219
"IGSF5",121,9,10,2,14,2
"RFPL4B",0,0,0,0,3,2
"MIR3611",0,0,0,0,0,0
"LOC101927666",0,2,0,0,0,0
"LOC101928381",0,0,0,2,0,0
"SNORD115-37",0,0,0,0,0,0
"CFLAR",16665,7827,9410,13170,16222,11848
"CACNA1E",28,8,2,0,47,4
"ADAT3",55,93,134,67,124,194
"CRLF3",692,511,549,915,958,1053
"HLA-DRB5",47,176,3219,167,5189,1196
"TAF10",1394,1544,1770,1423,1706,2114
"FOXS1",514,1320,3471,2367,1054,520
"CNPY2",1621,2018,2627,3023,2403,1706
"SCGN",386,6,34,127,658,10
"BPHL",420,161,190,166,431,366
"DOCK10",983,1094,1508,3322,1111,1980
"ZNF667",459,223,372,761,758,406
"CYP4F22",12,0,12,14,12,17
"SNORA63C",0,3,4,5,0,1
"MFSD14B",2396,2356,3289,3290,3776,2529
"TMPPE",92,137,53,40,90,67
"CDRT1",22,34,17,10,25,35
"HACD1",2932,1480,3335,2191,1774,850
"GLIS3-AS1",3,5,3,2,0,2
"FPR1",282,634,599,248,916,934
"PLA2G12B",0,0,1,2,0,3
"MOGS",2547,3558,3109,3873,3265,4630
"NOV",1039,24482,54435,17552,8363,7415
"TLL2",71,11,15,19,17,4
"C1QTNF2",272,526,1234,1090,1017,599
"USP20",1702,2610,2980,4126,3303,3389
"S100A16",3969,6776,4981,3657,4103,3966
"CWC15",2014,1448,2027,2388,2110,1690
"HMGN1",3602,3703,2917,3758,4027,5568
"PRR29-AS1",17,4,2,2,9,14
"IGLON5",20,48,4,10,70,26
"CFL1P1",9,20,17,31,36,31
"TATDN2",2267,3762,3622,2960,3543,2793
"LINC02476",0,0,0,0,0,0
"TOR2A",570,311,395,456,720,1003
"CLDN3",10,2,0,8,2,7
"FAM3B",45,61,14,16,102,76
"SYNGR1",1694,432,846,1063,3216,1864
"DHDH",20,1,0,4,25,16
"FEM1B",4162,4788,4854,5865,6635,3789
"PQLC1",2673,3020,2993,3802,4556,3049
"RNF34",1147,735,1231,1268,1315,1154
"ST3GAL6-AS1",74,15,4,39,28,16
"PATL2",135,17,19,66,101,154
"DUSP28",436,169,288,379,454,448
"LOC100133286",0,1,1,3,5,4
"LINC00572",0,0,0,0,0,2
"KCNQ1-AS1",1,0,0,4,5,4
"TSFM",1156,1139,1046,934,919,728
"DUSP15",102,267,302,381,86,566
"PROZ",8,6,15,9,11,5
"LUZP2",21,26,129,583,27,2
"TICAM2",407,420,567,1029,481,542
"IMP4",1307,3152,2540,1666,1588,1319
"JPH1",695,220,530,527,164,68
"TFDP2",1215,780,1105,1627,1740,707
"MPV17L",340,187,149,227,537,203
"ZCCHC11",2218,1663,2170,2578,2820,2314
"ATP6V1C2",180,83,107,62,153,224
"MIR511",0,0,0,0,0,0
"DNAJC21",2770,2861,3424,3470,2958,1591
"CDC6",75,99,107,54,173,115
"OR8G1",0,0,0,0,0,0
"MRPL46",420,200,271,309,272,211
"ZNF846",468,246,495,819,792,588
"PGAP2",854,663,529,565,774,741
"COL15A1",12157,24639,14031,11016,12399,15574
"XIAP",1987,1696,1927,2118,2894,1598
"MS4A13",0,1,0,0,0,0
"TPRN",451,381,463,726,454,375
"LINC01393",12,2,2,16,4,9
"LINC01804",0,0,0,0,0,0
"SLC35D2",890,916,952,882,1311,861
"NR1H2",4658,6276,9097,9587,7453,4020
"ASB4",198,6,4,0,20,7
"TDRKH-AS1",6,5,9,1,9,8
"GPC3",1824,2336,2214,3119,5774,2413
"LINC02178",0,0,0,0,0,0
"MIR4445",0,0,0,0,0,0
"TREML2",24,0,2,7,27,27
"PSD2-AS1",0,2,0,0,0,0
"MIR670",0,0,0,0,0,0
"TMEM63C",14,2,7,11,27,20
"PNMA8B",172,72,159,260,781,412
"MANEA-AS1",110,99,117,244,118,193
"ZC3H11A",9679,6222,8298,9001,14138,10714
"CBR4",1906,646,887,1177,1713,1106
"PTBP1",7502,13087,12182,11854,13688,10781
"IL11",2,8,8,18,8,6
"MIR548AS",0,0,0,0,0,0
"ZNF729",0,2,0,0,0,2
"LOC105375843",0,0,0,0,0,0
"MTG1",924,949,892,821,1195,1634
"AK3",6538,2996,3482,5466,5929,2936
"P3H2-AS1",2,0,1,0,5,0
"BAG1",2719,3343,3495,3098,3398,1903
"MRPS36",1932,757,1147,1326,1167,509
"ATP6V1A",2044,1543,1574,2211,2859,1751
"ATXN2-AS",1,11,11,17,1,11
"SYNGR3",18,12,7,26,52,39
"KRTAP20-1",0,0,0,0,0,0
"SLC39A12",4,9,1,0,10,9
"TRPM6",184,38,30,23,173,416
"SNORD114-13",0,0,0,0,0,0
"HOXA10",4,6,6,5,8,7
"SESN3",2328,3855,6468,15570,4250,4717
"LINC01864",0,1,0,1,2,0
"RGS4",111,1233,990,3560,1053,1640
"SMNDC1",1541,1568,2046,2355,2283,1525
"WNT8A",0,0,0,0,0,0
"BRWD1",4064,2620,2996,4795,5246,4203
"LINC01445",0,0,0,0,0,0
"CRP",121,26,16,22,8,89
"WDR19",1169,1933,2575,4130,3193,2040
"VPS13D",8691,7842,8185,8084,9573,5143
"ZNF547",146,47,63,146,283,213
"DGKE",1855,551,764,1145,1795,1659
"DIAPH1",5658,7013,8377,7448,5969,4948
"COLEC10",19,17,5,18,6,0
"ICE1",2603,2376,2936,3519,4607,2276
"MLLT1",805,2657,2204,1823,1919,1023
"RIC1",2043,1641,2125,2709,3783,2170
"REEP3",2832,2751,3681,4870,4339,1712
"URGCP",2476,2095,3645,3166,3445,3250
"H2BFWT",0,2,0,0,1,0
"ANKK1",29,18,4,18,94,75
"GPR87",0,0,0,0,0,2
"ZNF480",546,352,422,467,889,540
"HAAO",415,766,1022,2056,839,1011
"DAP3",3298,3743,3299,2747,4016,2671
"FAM135A",881,667,733,896,1181,989
"MIR3148",0,0,0,0,0,0
"KRT10",1756,810,1076,1246,1369,871
"FSTL5",5,13,1,0,8,9
"DCTN1-AS1",5,1,3,6,4,6
"FTSJ3",2601,3190,3876,3141,3485,2914
"BPNT1",892,738,1129,1135,1077,550
"TRIM49B",0,0,0,0,0,0
"MIR3909",0,1,1,0,0,0
"CREB3L1",2572,959,899,1085,2126,1081
"RNF167",3589,3604,5982,5696,4712,3001
"FRMPD3",20,52,33,14,243,168
"PJA1",1094,1100,1855,1696,1693,1297
"TAAR6",0,0,0,0,0,0
"DSP",14544,498,857,501,649,509
"CCDC92",4637,3558,5734,4533,5591,2560
"TRIM43B",0,0,0,0,0,0
"LINC00867",0,0,2,0,0,0
"GNPNAT1",347,777,606,454,622,288
"PURB",2773,2435,2852,3762,4555,2739
"OR4D1",0,0,0,0,0,0
"MIR627",0,0,0,0,0,0
"FRMD5",908,84,30,33,77,24
"TK2",1795,1566,2387,3425,3351,2667
"YEATS2",1714,2670,2281,2136,2537,2167
"TNK1",200,182,230,297,391,599
"MIR3199-1",0,0,0,0,0,0
"ACSL1",21880,13020,11821,5075,29898,5174
"LOC101928718",1896,380,707,814,2254,1324
"ARMC3",2,4,2,14,12,0
"LL22NC01-81G9.3",0,0,0,0,0,0
"FHIT",199,63,92,158,163,191
"SNORD56B",0,0,0,0,0,0
"RNVU1-6",0,0,2,0,1,0
"C1orf210",2,2,0,7,6,6
"SMC3",2331,2537,3509,3822,4188,2094
"SWSAP1",172,49,105,184,219,196
"LINC01841",0,2,0,0,4,3
"THRB",1492,2269,3810,4745,3245,1931
"TAS2R14",201,91,107,222,137,233
"RCAN3",488,225,188,396,597,410
"SCAMP1-AS1",225,185,189,400,261,394
"RRM2B",1505,1281,1468,2652,2520,1138
"TRIP6",2725,3231,4898,6012,4705,4141
"ARFIP1",1503,1628,1959,2509,2359,1726
"SEMA3F",2578,2238,5407,2566,3914,2762
"SERP2",308,257,366,513,313,151
"RAB6B",2362,1015,994,736,1002,649
"CENPH",123,142,98,89,169,138
"MIR4779",0,0,0,0,0,0
"ZNF383",277,153,185,275,366,233
"ZNF598",1910,3682,3175,3263,3219,3250
"MUM1",2574,2913,3581,4338,4032,3702
"SDHD",6348,3499,4288,4269,5413,2571
"RPS29",8402,8477,10185,10349,13743,11626
"MIR3157",0,0,0,0,0,0
"TBC1D8-AS1",25,32,22,70,32,57
"OR51L1",0,0,0,0,0,0
"RAB23",315,1838,2395,1848,1888,685
"DYNC2LI1",712,535,867,1082,1228,1008
"CSNK1G1",843,777,789,1037,1159,699
"CERS2",2582,5328,6580,5465,6121,2297
"TUBGCP6",4626,5393,6032,8428,7487,8006
"IQSEC1",5355,5496,8573,9246,11464,5025
"GPCPD1",2964,5673,3581,4158,4986,5284
"AANAT",10,6,4,18,41,5
"LOC101928521",14,4,3,3,14,23
"RUVBL1",1239,1931,1882,1432,1328,973
"AGGF1",1862,1115,1395,1805,2609,1414
"GCNT1",424,292,280,311,513,521
"GJC3",39,16,21,18,85,30
"PLEKHG3",3569,6444,10234,8308,4958,4725
"ABCA13",2,2,4,2,7,0
"KLHL36",869,748,870,1062,1253,749
"GYPB",0,0,2,0,0,1
"MIR450A1",0,0,0,0,0,0
"CSDC2",12107,5399,16938,20965,2656,2903
"STEAP3-AS1",19,20,41,39,29,33
"UQCRC1",16670,5642,9715,7179,5917,3561
"MIR891B",0,0,0,0,0,0
"NUS1",1998,2975,3689,2849,3693,1760
"CR2",0,0,0,20,6,25
"RABGEF1",100,114,165,232,145,96
"RNA5S13",0,0,0,0,0,0
"MIR204",0,0,0,0,0,0
"DYNLRB2",12,5,6,40,12,24
"EMC8",970,1113,1262,981,957,852
"POLR2I",798,837,979,995,767,587
"DSG2",1369,226,139,169,681,371
"NCKAP1L",1313,546,619,1391,1300,2573
"NIT1",1695,1619,1918,2095,2037,2092
"MEIOC",29,23,16,14,38,49
"ATP2B4",14936,18228,26928,17161,23076,11958
"MIR3667",0,0,0,0,0,0
"SNORD102",0,0,1,0,2,0
"C5orf46",51,202,703,417,26,44
"TMEM201",1327,804,494,550,921,890
"USP17L26",0,0,0,0,0,0
"RP1",3,2,4,0,2,2
"CYB5R1",5127,3064,4405,5708,4163,2742
"ZFY-AS1",0,0,0,37,0,0
"OR5P3",0,0,0,0,0,0
"C19orf71",107,103,99,156,156,169
"SNORD115-43",0,0,0,0,0,0
"SLC35B1",2056,1892,2188,1177,1867,1430
"AGAP2",1374,55,44,182,787,388
"PDPK1",2680,2524,3209,3139,3841,2411
"UBE2Q1",2971,3734,4351,4701,4993,3379
"SPRED1",2501,2313,2561,3529,4329,2809
"PFDN6",706,1274,1226,973,899,687
"TPPP2",8,5,2,4,10,11
"POU5F1",80,21,16,12,64,100
"NR1D2",2123,707,2899,3617,5079,2762
"LOC102723968",0,0,0,0,0,0
"CRLF2",0,0,0,0,4,5
"LOC102724452",0,0,0,0,0,0
"GPR19",11,3,0,6,10,14
"ACTA1",256049,2769,3499,894,330,64
"CXCL9",264,99,20,343,81,185
"HOXB-AS1",69,28,34,71,203,104
"PCDHB13",141,548,381,305,289,164
"MEF2A",8635,3520,5377,6269,7697,5253
"H1F0",5893,6168,6295,6763,13046,5138
"TCF21",1802,730,1240,2337,3736,987
"SHANK3",19253,4590,4697,5171,18247,16721
"MTERF2",1933,399,840,1684,1673,2065
"MIR921",0,0,0,0,0,0
"POU6F2-AS1",0,0,0,0,0,0
"HOXA10-AS",0,0,0,0,1,0
"PLCB2",2233,751,943,2297,1912,6600
"ACOT2",2523,1157,1438,895,1804,1127
"CTXN1",26,123,335,74,77,44
"ZNF542P",562,344,406,516,663,423
"CCZ1",663,680,748,867,1254,674
"KIF26A",1472,149,340,661,1667,1436
"ELP1",3415,3107,3441,3155,5067,3400
"DECR1",7477,2016,1967,1916,2840,2112
"BTN3A1",2019,968,934,2041,2468,4663
"HAUS6",979,777,798,999,1513,1120
"OSER1",1803,1182,1798,3079,2170,1521
"SNAPC5",915,744,1252,1109,1033,711
"RPEL1",14,16,8,4,10,4
"RPS2",28978,44184,32464,23082,37995,38724
"MIR660",0,0,0,0,0,0
"SNX11",816,1205,1426,1243,1583,1263
"MIR548L",1,0,0,0,0,0
"MMP20",0,0,1,0,0,0
"MIR1343",0,0,0,0,0,0
"SNX10",395,105,121,243,214,468
"ABCE1",2023,2815,2018,2155,3308,2090
"TOX3",14,0,0,2,4,4
"LINC01091",24,56,42,67,130,30
"ZFPM2",1030,952,1896,1763,3066,879
"MIR548I4",0,0,0,0,0,0
"COPRS",1243,1932,3562,2885,2135,1955
"ZFAT",435,378,987,551,628,305
"LOC729966",555,61,617,579,2442,85
"MYO9A",2158,2667,3295,3309,4007,2489
"SETD5",6062,6518,7594,7254,9744,8010
"PSIP1",3538,3305,5304,6572,7104,4067
"CIDEA",283,304,369,15,1181,580
"SREBF2",6273,3473,9506,5361,8523,3930
"CHMP1B",2067,1595,2720,2353,6662,1243
"MIR548AV",0,0,0,0,0,0
"RBFOX1",1241,6,16,8,40,4
"ROMO1",1407,1563,1866,1511,1513,995
"PLEKHG4",735,350,478,466,832,954
"CPT1A",4749,9312,8176,6060,5644,4973
"FCN2",64,40,40,21,229,23
"OR12D3",0,0,0,0,0,0
"GATS",251,114,308,359,311,237
"ZFY",0,617,733,1029,2,0
"LOC148709",6,0,0,0,2,0
"NCAM1",9346,330,440,291,1683,1043
"SNORD14E",0,3,1,0,0,1
"LMO7-AS1",5,21,33,58,13,16
"ADCY3",4602,3648,3728,3513,6793,4844
"LINC02425",0,0,0,0,0,0
"KCTD13",715,891,1250,881,1174,1427
"MIR34B",0,0,0,0,0,0
"TANGO2",794,1033,1412,1687,889,814
"LOC105376382",0,0,0,22,0,6
"R3HCC1",1581,1342,1840,2044,1893,1285
"LOC374443",241,146,202,418,335,359
"MIR4465",0,0,0,0,0,0
"PPM1L",2372,1706,2418,4867,1749,925
"TMCO5A",0,10,2,0,0,0
"UGT2A2",2,0,1,0,4,0
"LINC01594",0,0,2,0,0,3
"MAGI1-IT1",15,27,34,6,4,2
"MDGA2",2,0,0,4,1,10
"UBE2Q2P1",267,266,231,335,574,488
"DENND5B-AS1",5,3,6,9,7,4
"SHPRH",811,810,955,901,1268,804
"NFIL3",2853,7566,3877,1967,9157,1400
"CARTPT",0,10,2,0,4,8
"LOC101929413",2,1,0,0,0,1
"DDX39A",1919,2702,2892,2151,2346,2829
"GTPBP1",1646,2911,3600,2941,2774,1747
"SNORD114-9",0,0,0,0,0,0
"CEACAM6",8,4,12,18,12,16
"AP4S1",256,297,240,445,249,185
"ABHD12B",24,3,7,20,26,32
"TOE1",497,489,623,705,725,743
"CUZD1",92,50,53,73,98,97
"SLC35F3",2,4,2,0,2,14
"GBE1",3756,5699,6313,7934,3046,1202
"AFTPH",1339,1928,2521,2537,2367,1526
"USP49",582,456,505,723,786,1029
"INHBE",8,15,14,24,10,15
"CBX7",5893,6880,16083,18923,13801,7132
"CCDC166",0,0,2,2,0,0
"SORBS1",37423,56318,69012,78481,53891,35172
"ARMT1",1213,787,1235,1642,1167,931
"AHR",4419,2778,2753,4215,4628,4287
"MIR573",4,2,3,1,2,0
"PDCD4",3794,1732,2273,3156,6319,4361
"TBC1D16",3488,4023,3469,3743,7727,3130
"ARPC3",5776,6369,7437,9075,7122,6412
"HLA-DMB",1564,349,303,2104,1855,4820
"NECTIN1",1167,671,771,729,703,563
"SHISA8",2,0,0,0,0,1
"MON1A",537,1027,1006,820,552,572
"NME3",1952,1592,2399,3944,2997,3628
"TKT",6078,11162,11626,8969,9123,6263
"MIR548AG2",0,0,0,0,0,0
"RTP2",0,0,0,0,0,0
"EXTL1",198,31,17,74,158,61
"ZNF688",509,394,635,932,750,711
"LINC02347",2,0,0,0,1,2
"CCDC120",411,406,529,596,757,681
"WBP2NL",28,17,24,45,57,106
"AVPR2",556,55,165,209,370,290
"LOX",1295,2692,3734,2623,5026,1631
"LPAR4",40,5,31,94,60,82
"SCN2B",538,16,38,12,100,90
"LRRCC1",602,816,1028,1228,1241,646
"PRKX-AS1",0,0,0,0,0,1
"CEP250",1044,1166,1534,2025,1834,1362
"PPIA",14314,25625,28133,20037,22681,14061
"COX20",3415,4052,5436,5318,4337,3741
"ZMIZ2",6322,6537,6678,6832,9170,11195
"ZBTB7A",2111,3735,5045,4924,3863,2608
"UBASH3A",21,15,16,63,32,168
"WDR5",1645,2820,2640,1996,2659,2346
"CATSPER4",0,1,1,0,0,0
"TNFSF15",58,6,8,28,26,93
"OR10V2P",2,1,0,3,4,7
"PTH2R",7,4,2,14,4,8
"RIT1",1631,1099,1641,1621,2540,1584
"CRCP",1153,1680,1507,2091,1801,1209
"MIR3118-4",0,0,0,0,0,0
"GPD2",1261,1122,1142,1331,1689,1163
"MIR1302-7",0,0,0,0,0,0
"MUTYH",524,481,573,684,739,875
"EIF4E",1172,1382,1357,1282,1131,710
"ST7-OT3",1207,1505,3548,3097,1956,1036
"EIF5A",7213,12475,12331,6882,8287,6068
"LINC02121",0,0,0,0,0,0
"TNFSF14",149,1086,869,77,902,1780
"GSTCD",268,348,337,298,440,302
"SF3A2",2047,2568,3217,4065,4367,3362
"KCNJ2",1092,50,28,137,483,190
"DPYSL3",5859,32610,31127,25147,30711,19694
"CWF19L2",733,716,1058,1430,1304,653
"RAC2",387,191,226,623,245,539
"ST8SIA4",565,189,92,447,434,781
"IL17RE",318,872,1371,1405,309,709
"CACUL1",2666,1725,1891,2672,3554,3034
"PSMD1",5067,6181,7065,5076,4765,3467
"LOC100129027",0,0,0,0,0,0
"HIGD1C",2,0,0,6,1,3
"SRP9",5880,4154,5474,6427,6499,3792
"FAM160B1",2772,2484,3314,4457,3504,3115
"RANBP9",2140,2266,2826,3689,2784,2160
"TNIP3",1,2,8,2,4,14
"NTN4",3921,6647,12399,9176,7098,3171
"GZMH",12,10,22,86,25,93
"HEXB",3776,4434,5020,6798,7875,3438
"HTR2A",56,800,328,468,460,191
"HCG9",4,1,2,5,2,4
"SEC14L2",180,738,652,339,285,285
"MIR619",0,0,0,0,0,0
"GAREM2",220,280,313,383,742,646
"EBF1",2886,3451,4177,5471,4935,3174
"RAB3IP",832,634,875,591,624,190
"SLC12A2",2511,876,735,1184,1925,784
"JUNB",12601,10721,34520,13792,90832,18862
"CAPN14",29,13,24,16,43,54
"TTC25",29,50,50,89,93,34
"KCNC4",643,848,1376,911,721,567
"ANKIB1",2630,2787,3397,3818,4181,2601
"ALG11",227,166,195,167,332,156
"ZNF836",302,224,323,509,424,391
"MIR203A",0,0,0,0,0,0
"UIMC1",1543,2122,2753,1891,1944,1685
"BBOX1-AS1",0,4,0,0,0,11
"SPIN4",324,491,610,672,530,510
"UCN3",0,0,0,0,0,2
"LOC105370586",0,0,0,0,0,0
"LINC01679",42,48,63,60,663,19
"DACT2",23,26,148,12,176,374
"NEK9",7339,7077,9238,9789,10458,6731
"RNASEL",640,595,1157,1560,1454,944
"LINC02280",0,2,2,16,1,2
"ABCC9",4488,1968,1290,2065,8981,2911
"PITPNM3",354,78,118,317,781,396
"MAT2B",3026,2391,3686,5175,3542,2534
"COPB1",5086,6093,7788,6910,8222,5096
"LOC101929595",4,4,8,2,6,0
"SPTAN1",21153,18733,32815,21843,27040,20204
"TMC5",9,6,14,6,15,11
"NRDE2",662,542,851,1096,1108,910
"F10-AS1",0,0,2,0,1,0
"LINC01714",0,0,0,13,0,0
"HINFP",816,978,1175,1035,1189,1258
"CCDC12",1008,1095,1533,1522,1353,1197
"OCSTAMP",6,0,0,0,1,2
"DPF1",6,16,6,7,21,65
"MIR653",0,0,0,0,0,0
"RBPJ",5370,4358,5214,6734,9809,9578
"LINC02475",0,0,0,2,0,1
"PINX1",352,635,533,435,466,305
"PRAMEF2",0,0,1,0,0,0
"NAP1L4",6316,4018,5898,5475,5856,3907
"TRAT1",9,14,9,42,28,92
"PITPNM2",2659,2131,1440,1304,2659,2672
"EEF1AKMT3",380,732,629,922,862,892
"ASCC1",1563,1351,1339,1639,1707,715
"DGAT2",5400,606,3169,59,8173,1096
"NDST2",1549,1853,2067,2614,2852,3681
"MIR5003",0,0,0,0,0,0
"LOC101929224",2,2,0,3,17,0
"MIR4503",0,0,0,0,0,0
"SNORD114-28",0,0,0,0,0,0
"RAB3D",617,956,1022,873,872,644
"MAP1LC3A",3006,1256,1973,2789,4792,1927
"RBM10",3019,3355,3831,3794,3187,2870
"PLEKHH2",1119,1519,2155,4696,2760,3848
"VPS26A",2500,2817,2865,4969,3672,2208
"TLR4",2827,803,869,1655,3817,1748
"TDRD10",739,241,478,272,756,590
"STIM1",3763,5118,7892,8080,8174,3819
"CYP26B1",587,1260,793,1349,3784,462
"GPR82",26,5,27,65,8,22
"LOC101928881",0,0,0,0,2,0
"ZNF251",1640,1128,1494,2036,2442,3178
"MIR4417",0,0,0,0,0,0
"CILP2",34,85,80,394,84,182
"SNORD73B",0,0,0,0,0,0
"KCNT2",337,1560,1175,3892,2464,1036
"PHGDH",1350,5545,3634,2368,4657,2751
"OR5AK2",0,0,0,0,0,0
"ILDR1",2,0,0,8,6,3
"EML4",1997,2769,3378,5570,4217,5226
"JRK",1407,1051,1496,1543,1593,1751
"ZFP30",375,170,274,651,661,474
"WNT2B",836,322,402,642,731,962
"HLA-G",3,54,0,17,0,23
"SRPX2",1057,2144,2197,784,1347,421
"GATD1",2362,2704,3356,2961,3433,3844
"ZNF740",1593,1389,1693,2282,2869,2405
"TCTN3",1385,3197,3183,3044,3381,1849
"MIR892C",0,0,0,0,0,0
"PTGES3L-AARSD1",64,14,46,9,19,9
"B4GALNT2",0,0,0,0,0,0
"HAS3",106,80,103,108,189,159
"KAT5",937,1443,1924,1923,1773,1074
"MIR615",0,0,0,0,0,0
"GRM6",67,18,24,18,29,65
"RPL13AP5",18065,22570,22254,22042,27258,20887
"RAP1GDS1",1457,1876,2203,1967,1785,1394
"RIPK2",622,500,631,786,797,606
"SNORD115-2",0,0,0,0,0,0
"TEX36",0,2,2,0,0,0
"CDON",793,679,570,574,1955,1278
"CUEDC1",2728,3168,4566,3412,3971,3188
"GNGT1",0,0,0,0,0,0
"IPO7",7266,11362,11157,11034,10989,4049
"BCL2L2",4489,6677,8402,7460,8516,4652
"FAM19A3",5,2,0,4,3,6
"CECR2",444,117,48,35,1018,249
"PDHA2",0,2,0,0,0,2
"PPP2R2A",2972,2495,2590,2830,3129,2502
"SOCS6",1683,856,1076,1814,1449,1288
"PCOTH",1,1,4,3,0,1
"LRRC36",72,7,0,4,19,17
"GABRB1",24,27,47,54,0,1
"ATR",1210,1631,1453,1415,1769,1589
"CRTC3",3607,7811,9779,10318,8530,5016
"DBH",28,8,7,19,53,63
"SLC6A7",10,121,56,62,54,12
"PFKL",6565,7024,9126,8446,11158,7946
"AGO4",2946,1557,2678,2908,4120,3619
"MIR4498",0,0,0,0,0,0
"TMEM256",960,773,951,1116,1099,871
"LRRC26",0,2,2,0,2,6
"CSN1S1",0,60,2,34,4,4
"MNT",940,1786,2341,2059,1982,1427
"ISX",0,0,0,0,0,1
"GLRX",2209,6393,2123,1834,2477,1336
"BTBD16",11,18,1,55,12,10
"ZCCHC9",816,808,1037,1200,1413,1101
"MIR1972-1",0,0,0,0,0,0
"ZRANB2-AS2",9,4,13,12,7,6
"HEPHL1",12,8,63,58,14,10
"ASIC3",512,194,204,216,239,281
"CALHM1",2,10,10,9,0,12
"TMEM132B",322,457,169,54,141,115
"LOC105372240",0,4,12,51,2,5
"LRP2BP",259,247,278,475,241,320
"FIG4",934,1181,1943,1529,1506,1251
"SGCB",4631,5103,9294,7881,8055,2167
"CADM4",598,2390,646,211,447,403
"C7orf13",40,6,16,27,111,47
"TP53I11",6232,8049,9463,4184,9468,4428
"ARL9",9,7,4,17,18,13
"RNF123",1949,1722,2055,2420,1843,1294
"BEND2",9,1,5,0,0,0
"LOC283299",0,0,6,0,4,0
"SPRR3",131,94,114,116,210,326
"MIR4735",0,0,0,0,0,0
"TMEM206",256,343,310,298,334,335
"PLAGL2",967,455,505,922,1214,888
"EMC9",402,662,560,774,480,473
"CEPT1",1059,887,1114,1257,1686,2198
"OR4N5",0,2,0,0,0,0
"BMP5",680,62,10,37,164,22
"KL",335,90,160,127,463,284
"GNAS-AS1",0,4,12,31,7,15
"CHRNG",2,0,9,3,2,1
"ANKRD18DP",1,0,0,2,0,3
"LOC101928168",792,220,684,1975,885,674
"SLC17A1",4,0,0,0,0,0
"AMDHD2",627,463,614,928,1124,1039
"UBXN2A",1033,737,954,1385,1926,791
"IGSF10",917,142,874,411,7816,1564
"CDHR2",5,11,1,0,7,2
"LOC101928775",0,0,0,0,0,0
"KLF15",2500,2467,7362,5247,6923,423
"CCDC198",0,2,2,0,0,0
"TRAPPC6B",1881,1519,1914,1972,2223,1866
"TRNP1",1270,1127,2548,2400,1079,545
"SLC9A7",126,82,41,62,38,52
"MRPS16",2579,2167,2038,1996,2207,1535
"ZNF572",98,82,124,154,93,172
"SPX",461,0,4,4,24,16
"PLEK2",14,8,22,79,13,45
"LSM2",981,1334,1214,1367,1387,1207
"RPL35A",18612,14761,18523,22056,25808,17028
"CDK18",4950,3788,4571,5730,1699,1974
"PAPD7",2102,1895,2516,2744,3230,3525
"ZNF773",262,201,121,268,544,356
"RNF187",3541,4122,5142,5234,5060,3502
"DTL",56,32,30,28,36,80
"ARHGEF26",1192,4255,3893,2065,2208,835
"HSPG2",35441,38520,63265,52236,59959,32710
"LINC01776",0,0,0,0,0,0
"OR6B3",2,0,0,0,8,0
"OR14C36",0,0,0,0,0,0
"AGER",382,207,135,327,295,907
"SLC25A45",374,219,271,403,748,938
"OTOG",4,0,0,0,0,2
"GZMB",13,7,21,28,31,79
"MIR4495",0,0,0,0,0,0
"EPX",3,7,6,5,17,10
"USP47",6390,6554,7182,8652,6499,4606
"TPGS1",178,244,491,403,453,406
"TTLL2",5,6,1,0,8,0
"CXorf38",432,317,348,393,611,580
"RPSAP52",2,4,0,0,2,0
"JPH2",5430,8305,17058,7898,3503,3086
"GPR37",8,26,30,10,28,78
"PRSS23",4615,8864,14868,16339,10300,6291
"MIR7-3HG",0,0,0,2,6,4
"PAQR9",226,2,1,0,10,6
"KRTAP10-8",0,0,0,0,0,0
"MYOZ2",38252,338,870,344,456,659
"CRY1",1178,1511,1696,1211,1563,837
"VKORC1",2687,3963,5665,6291,5063,3737
"MRPL11",1249,1438,1572,1544,1492,1083
"OSBPL11",1083,912,1246,1261,1261,1030
"LOC107987479",94,21,21,48,50,121
"PSMD7",3089,3058,3510,3485,2776,2136
"SUZ12",1629,1465,1663,2005,2106,1709
"DMPK",13790,11520,33421,20081,14900,9658
"CAPN13",4,0,0,2,14,18
"ADRB1",944,66,166,62,270,162
"LOC339166",325,625,1164,287,633,300
"PCAT4",0,0,4,0,0,0
"NPR2",1626,2540,3701,3751,3753,2483
"AMPD3",303,206,137,688,236,1031
"RNF207",3541,858,790,862,1063,1472
"ATP1B4",11,6,2,2,29,4
"CENPM",12,6,3,26,7,35
"MGAT4D",0,0,0,0,0,0
"KARS",5430,6180,6506,5223,6062,3686
"MAP3K3",4607,3887,6437,6382,7018,4811
"CCDC102A",409,894,2219,2214,1155,960
"MRPL28",1980,2102,2686,2219,2220,1816
"KIAA1456",1070,910,703,1362,1006,527
"MIR509-1",0,0,0,0,0,0
"LOC102724163",7,14,32,47,8,21
"TET1",149,118,100,143,157,174
"DENND4A",976,1093,1119,1658,1654,1385
"LOC101927257",1,4,10,3,1,2
"IL7R",574,403,407,907,1555,405
"AMZ1",23,23,25,109,26,24
"LOC283214",0,0,0,0,0,0
"PDIA5",1189,1665,1812,1277,2186,2078
"RELL1",301,256,219,258,547,237
"ZP2",2,0,0,0,0,0
"PRR4",185,149,147,231,141,331
"KEAP1",3131,2597,3800,4494,3651,2637
"SNORA69",0,0,0,0,0,0
"PRDM8",189,230,398,332,567,236
"CPNE2",3602,2134,4169,3703,4555,2558
"MIR3646",0,0,0,0,0,0
"OTUD4",2733,3535,3933,4106,4052,2804
"NPPB",117,0,2,17,1,1
"DMBT1",10,6,4,0,4,8
"LOC107984053",19,6,29,18,12,18
"TMEM167B",2372,2308,2703,3495,3820,2077
"WASF1",458,835,1041,832,1374,817
"PNPLA1",8,10,5,11,10,4
"KAT8",1967,1821,2150,2055,2650,1880
"PPP1R14C",3386,112,106,12,45,4
"SFRP5",790,77,178,54,1141,42
"KLHL40",38,14,11,7,6,0
"DDI2",2168,1843,1639,2048,2638,2157
"DTNBP1",723,1043,1486,2013,969,1142
"COA7",256,263,262,140,440,181
"PGC",92,100,75,123,104,332
"ATP6V0A4",2,0,0,2,0,0
"CNGA1",67,0,2,7,81,15
"LOC102546294",34,15,26,19,9,15
"ANP32E",2089,2310,2990,3256,3070,2142
"PGGT1B",641,572,674,869,670,516
"KC6",0,2,5,3,25,11
"VIM",70082,97265,186649,202986,183662,97344
"MTA2",3362,3596,4025,3227,5117,5243
"PTPRE",2080,940,940,1819,2629,2509
"LINC02453",24,4,2,5,12,20
"NIN",2772,2932,3279,3158,3126,2687
"FKBP1A",12113,13126,13810,7450,13916,11470
"RTCB",2940,3297,4125,3927,4224,2961
"TSC22D2",1839,1444,2577,2149,3167,1703
"RASAL3",330,221,295,865,267,1410
"CBR1",1413,1618,2722,2457,1985,1571
"ACOT6",0,0,1,0,2,2
"LINC00879",0,0,0,0,0,0
"CX3CL1",4430,3826,8680,14485,6960,6557
"DLG5",1088,3013,3358,3456,2843,1678
"LINC01246",5,4,0,0,0,0
"RETREG3",2362,1767,2355,2794,3246,2518
"NOTO",0,0,0,0,0,0
"DNAH8",0,4,7,4,6,2
"KCNK16",2,0,0,0,1,5
"KCTD5",925,1120,1319,1365,1482,1258
"SLTM",5083,5253,6200,6005,6294,5899
"TMX2",3357,4126,4344,4492,4223,2457
"SNORD115-36",0,0,0,0,0,0
"MIR5011",0,0,0,0,0,0
"ALKBH3-AS1",10,17,23,24,13,14
"ANXA6",16997,18105,36317,22709,29255,12836
"VAMP2",5710,9809,11882,10327,10745,6485
"TMEM131L",1222,1138,1613,2099,1625,1353
"KLK4",0,6,2,8,0,2
"TBX22",14,2,13,7,16,12
"CRYL1",1506,1098,1391,1908,3315,1806
"TRRAP",2944,4164,4818,4721,4451,3280
"POR",4540,5086,3638,2830,5191,3263
"DPH2",891,1801,1099,1034,1258,1179
"LOC105369911",13,10,5,2,4,2
"MCAT",604,550,656,736,794,444
"LINC01426",24,122,131,56,164,208
"C5orf49",4,8,2,1,29,10
"ARHGEF38-IT1",0,0,0,0,0,0
"GAGE12H",0,0,0,0,0,0
"PBRM1",2825,3014,4519,4077,4970,2617
"TMEM17",109,81,59,129,155,113
"PCDH8",0,0,2,0,4,2
"SCHIP1",429,132,256,206,104,77
"IGFN1",75,65,26,45,373,69
"SUDS3",2165,2294,2825,3313,3134,2478
"CDH4",22,20,23,51,56,80
"GALNT2",2784,16354,10504,8824,5306,4257
"C8orf76",714,312,417,663,751,648
"MIR218-2",0,0,0,0,0,0
"SAMHD1",13982,16391,17820,23201,30910,7385
"MRFAP1L1",2501,1945,3105,3203,3679,2459
"ANKRD50",1400,1597,2384,3748,2670,1652
"ARPC4",4777,7177,8547,7993,6671,6198
"NOM1",1124,1238,1338,1221,1631,1079
"UFM1",3152,3026,3345,3912,5367,3574
"DTD1",838,1255,1197,1014,1300,864
"SPRYD3",3323,8140,10836,7441,6773,3290
"TUNAR",0,14,6,0,2,0
"HAUS1",514,443,481,678,750,542
"ATXN3L",0,0,0,0,0,0
"CSNK2B",4656,4780,5467,5789,5668,4525
"FABP9",7,0,0,0,5,6
"OGN",1881,16484,53379,42103,10746,11510
"SH3PXD2A",12249,8780,8761,9018,11376,8987
"LOC101928597",1,0,0,0,0,0
"NIPA2",889,1095,1223,907,1459,773
"ZNF704",3067,3142,9016,11754,6728,3475
"SNORD111",0,0,0,0,0,0
"OSBPL9",5561,4323,8009,8411,10324,4933
"ATP1A1",15639,35172,20005,13429,21523,7770
"ABCA9-AS1",0,0,1,0,0,0
"SPOPL",1022,1853,2831,3449,2030,1458
"RTKN",1328,1131,968,808,1701,1244
"CXXC1",2805,3077,3553,3620,3825,4222
"LINC01233",0,0,0,0,0,0
"USP13",5042,1137,1133,1361,1736,872
"TMEM91",607,289,345,777,908,977
"TWISTNB",844,776,881,1146,1792,727
"TNFRSF10A",319,196,233,228,429,398
"CRYBB2P1",395,602,685,742,754,772
"DSCR8",0,2,0,0,0,0
"TSSK6",48,53,73,175,72,83
"IFNA5",0,0,0,4,4,6
"SETSIP",2,2,2,4,0,0
"TMEM114",0,0,0,0,0,0
"ZNF7",963,639,912,1224,1363,1339
"BGLAP",122,92,148,135,140,111
"ANKRD28",1891,1866,2425,2923,2173,1798
"SERPINB3",10,7,13,2,0,14
"LOC100268168",11,23,42,23,24,34
"FAM96B",2050,3112,3625,2400,1930,1396
"VWC2",919,0,8,10,16,35
"HS6ST2",43,57,36,4,36,12
"MDH1",32764,4325,6476,5392,5831,3527
"ELOB",4274,4811,5701,4886,3894,3389
"SNX7",1030,1170,2071,2512,1791,896
"SNORD114-6",0,0,0,0,0,0
"HS3ST3A1",6,36,28,12,12,30
"PSG9",0,0,3,0,0,0
"MIR1285-2",0,0,0,0,0,0
"RILPL1",977,1046,1664,1363,890,714
"ST3GAL2",1730,1388,1807,1644,1857,1603
"HEPACAM",92,13,76,2,179,65
"MAATS1",187,273,373,407,633,530
"TAS2R7",0,0,1,0,0,0
"RCOR1",1495,1444,1691,1816,1842,1730
"TBC1D10B",2560,2830,3273,3548,3212,2727
"TBC1D32",153,173,190,309,326,482
"STEAP1",168,902,983,244,828,629
"C3orf70",533,1078,2165,1224,1873,899
"CFAP43",39,35,13,37,64,68
"NDUFAF1",1340,617,793,848,745,533
"LOC105375666",30,23,56,134,67,73
"NAA16",972,791,959,1291,1410,1172
"GPBP1",3916,2862,3689,4360,4971,3385
"FAM78A",1434,168,169,581,686,845
"DPF3",1022,73,203,242,105,306
"FUBP1",4865,4254,4998,5788,4385,6392
"ERCC6L",38,13,12,18,22,24
"CRELD1",2670,2985,5862,3872,2998,2070
"SHOC2",2136,2442,2871,2885,3130,1742
"PCSK2",156,19,50,48,71,72
"GMIP",834,535,531,998,1097,1866
"PHLDB3",231,336,262,654,683,364
"SPRY4",2831,6833,8270,6341,7078,1744
"LINC01535",55,5,15,75,28,21
"MIR519D",0,0,0,0,0,0
"TM6SF1",1311,241,419,856,1065,612
"PEX16",832,1055,1044,1281,1221,1029
"RNA5S17",0,0,0,0,0,0
"LOC105369243",257,90,186,267,201,163
"CD8B2",26,34,30,104,45,133
"TMEM88",2038,277,278,572,2377,815
"ACTN2",70078,2281,4830,2304,1390,1727
"CYSRT1",18,13,21,31,47,49
"RSPO4",142,329,74,8,756,636
"MORC1-AS1",0,0,0,0,0,0
"FOXA3",0,0,0,2,4,0
"FPGS",2306,4002,4260,3401,3538,3610
"SNORD114-11",0,0,0,0,0,0
"FP248",751,452,123,643,475,541
"TNIK",892,446,799,830,1025,477
"PLA2G2C",0,2,2,4,1,14
"TLK2",984,1050,1259,1503,1202,834
"ATF2",2319,2263,2628,3155,3394,2262
"MIR4666B",0,0,0,0,0,0
"LOC101929340",181,93,286,206,233,147
"SAA4",2,12,20,4,12,11
"TM4SF1-AS1",0,4,10,15,8,7
"TAOK3",1773,1647,2315,2406,2566,1707
"PRRX2",171,1876,1404,552,381,1118
"OR4F15",0,2,0,0,0,0
"GMCL1",874,1100,1548,1806,1607,759
"LYRM9",515,162,253,447,810,542
"CARD6",1193,498,608,1160,1661,1142
"LOC442497",2,0,0,4,12,11
"DERL1",4406,2712,3691,2808,3326,2142
"ENPP5",186,686,775,2101,177,135
"CRISP1",0,0,1,0,0,0
"H2AFV",6876,5852,7422,7088,8725,4388
"DPY19L2",4381,732,3954,5249,1616,1861
"SNORD60",1,1,1,1,0,2
"CCDC127",1576,802,1367,1985,1685,1107
"TGM2",47699,714564,283639,151151,153494,30614
"ASPHD2",25,89,44,69,55,86
"FADD",85,90,256,201,219,222
"ROM1",255,389,477,916,473,673
"GOLGA2P5",183,216,314,685,431,512
"LAMA2",15950,16857,17465,12374,25429,4370
"TTC30B",173,86,101,265,275,182
"KCCAT198",0,0,0,0,0,0
"MIR548AG1",0,0,0,0,0,0
"HTR1B",14,474,821,445,30,242
"MIR5692B",0,0,0,0,0,0
"RABGGTB",3301,3912,2780,2977,3580,3555
"NKAIN4",12,2,3,4,6,7
"AGBL5",827,1030,1326,1893,1590,1015
"PCBP3",340,529,203,51,488,791
"RBFOX2",6979,7674,11772,11889,12703,8845
"NECAB1",963,582,772,1123,589,480
"GRHL2",4,6,0,4,4,16
"EFCC1",322,92,141,159,285,505
"CNTFR",1663,1312,1394,614,8352,1263
"LRRC75B",659,415,695,894,941,1002
"MYPN",4961,25,38,8,27,2
"THAP3",635,606,904,1242,839,788
"FAM197Y9",0,0,0,0,0,0
"CANT1",1773,2674,2907,2805,2979,2152
"TWF1",2210,2920,3108,2918,4467,2208
"RAB5A",2248,2513,2780,2983,3570,2045
"RNF43",172,4,0,20,32,16
"LNCPRESS1",0,0,0,0,0,0
"AAMDC",531,260,539,542,551,339
"TAS2R30",0,0,2,2,2,0
"OR6J1",0,0,0,0,0,0
"FSD2",2278,80,24,98,105,245
"ZCCHC8",1671,973,1318,1615,2052,1738
"SLC4A7",1583,2453,3368,5202,3082,3364
"PTHLH",26,100,87,109,38,64
"ARSK",365,570,638,627,714,206
"MRPS15",2589,2059,2365,2014,2286,1329
"RPS27L",2005,3479,5576,7594,3348,2317
"TMEM116",913,210,381,361,403,182
"PLAC8",38,31,29,18,53,100
"ACTBL2",0,0,0,0,0,0
"CACNB1",539,978,1345,1526,919,1672
"VSIG8",15,10,9,16,19,42
"MAPK14",3374,3283,4135,4761,5021,4204
"KRTAP9-7",0,0,0,0,0,0
"NLRP12",77,32,20,50,53,114
"MAP9",748,1403,1465,2005,1028,545
"ANGPTL6",8,22,22,14,9,15
"DNAAF1",5,5,5,5,20,9
"DYRK2",1768,1454,1397,2523,2302,1995
"NUDT17",92,56,67,131,114,166
"LINC01180",0,0,0,0,0,0
"KCTD12",13832,4798,4056,7237,11663,10603
"PIK3AP1",512,192,202,1002,590,1267
"MIR5685",0,0,0,0,0,0
"PTEN",11023,7318,7842,11945,16114,5332
"GYG2",545,484,635,208,2246,1002
"FAM181A",1,2,0,1,4,2
"RNA5S11",0,0,0,0,0,0
"DNAJC25",496,595,692,591,699,551
"MIR4428",0,0,0,0,0,0
"LOC101929970",55,52,62,45,261,450
"TAS2R3",4,0,9,5,6,4
"PPA2",2132,1627,1474,2128,2092,1426
"FOXA1",6,4,4,6,0,0
"LINC00355",0,0,0,0,0,0
"OPN1SW",75,60,165,73,159,59
"SPINT2",663,2457,8339,9378,2108,4319
"MICALL1",1487,2272,2928,1906,2285,1305
"TBC1D12",1098,790,1144,1797,2136,1511
"LOC105373876",0,0,0,0,2,1
"PDCL3",873,1130,1842,1459,1295,581
"DNALI1",445,419,408,940,971,833
"FLJ31104",8,6,2,4,15,32
"DAAM1",2895,4043,4643,6416,7561,3986
"ZNF558",1024,1128,1311,1405,1746,1333
"NOXO1",0,0,0,0,0,0
"KIR2DL3",1,0,0,2,0,0
"PNPLA7",1509,386,1162,3304,3635,2917
"SAC3D1",180,263,408,324,263,262
"VNN2",182,49,36,196,532,411
"RDH10-AS1",42,31,35,29,70,45
"ZNF559",1024,649,978,1210,2004,1363
"FOXO1",3223,3948,4395,4218,8454,1996
"MRC2",3413,11614,9585,13163,15912,13096
"LOC105375451",0,0,0,2,0,0
"GNMT",62,31,17,32,45,95
"RGS3",3878,3777,5031,4901,3979,4725
"FBLN2",13091,11201,21886,27034,86298,18069
"NGFR",3063,3673,4966,1672,5572,6412
"PROSER3",365,892,675,577,595,622
"PJVK",162,52,92,226,192,240
"PTCD3",4015,2474,3410,3771,3597,3676
"LINC02275",0,0,0,2,0,0
"ARRDC2",3795,4029,6633,4796,6944,4447
"B4GALT6",189,112,72,69,162,161
"ZNF519",139,99,149,165,168,252
"SYT15",1701,411,378,1007,2902,2036
"GALNT7",726,1007,1510,1591,1171,925
"HEMK1",1181,1972,2256,2334,1923,2122
"TUSC1",801,940,1673,1794,1842,1086
"RNF10",11023,12508,12422,12544,10059,5947
"MIR5095",0,0,0,0,0,0
"SNORD116-8",0,1,0,0,1,0
"ZBTB40",2922,4179,7643,6543,4631,6440
"MRPL23-AS1",50,30,45,127,151,164
"MED24",4383,4003,4506,3851,4278,3688
"SCG3",4,8,7,6,64,4
"MAP3K19",2,0,0,0,3,1
"LOC101928618",0,0,0,0,0,0
"ATF1",861,697,947,1037,1246,741
"SOWAHB",4,3,11,94,111,6
"SHROOM4",4330,1166,641,1038,3202,1976
"FAM171A2",35,9,18,20,108,74
"PTX4",10,6,4,4,7,4
"LGALS2",7,13,8,25,31,246
"MANBAL",1570,3186,4155,4029,3324,2688
"PCDHGB6",175,349,343,243,306,132
"GALNT15",3853,5969,5473,4558,7333,529
"PALB2",368,383,431,535,690,418
"MIR4659A",0,0,0,0,0,0
"ZNF879",220,113,182,313,258,188
"EXOSC3",426,627,772,781,711,688
"ABCB4",183,45,49,120,48,109
"PAICS",1520,4861,2662,1863,2033,1462
"KLB",284,69,126,14,336,115
"ASB13",1165,1060,1525,2035,2226,1417
"ING3",898,474,663,1093,1409,912
"ST3GAL3",1135,1550,1895,1728,1410,890
"C8B",0,2,8,0,0,9
"TULP1",10,19,25,19,26,27
"IDO1",55,47,10,24,51,69
"IFI27",6597,1391,937,2883,4497,4441
"TMEM121B",142,22,40,88,86,234
"UBE2Q1-AS1",1,0,2,1,0,3
"CAMP",41,6,22,16,15,4
"DPP3",1144,2398,2322,1065,1061,1016
"TRAP1",2580,3285,2216,2634,2651,2260
"ACVRL1",5092,2370,2473,1790,4727,3798
"CLDN9",58,2,4,10,6,35
"RRAGB",853,634,1065,1354,1519,1161
"MIB2",3404,2336,3743,4765,4486,4858
"RIPPLY3",0,2,0,0,2,0
"LINC00051",0,1,0,0,0,2
"SNORD101",0,0,0,0,0,0
"ZNF57",161,129,129,194,216,130
"FKBP10",3739,11188,9834,12463,6982,6678
"BLOC1S3",556,591,698,903,699,716
"BCL6B",2604,312,799,871,1799,2355
"TMEM161B-AS1",364,163,217,425,341,370
"SOCS3",8203,5119,2631,2925,21785,10299
"APMAP",4237,5396,4804,3432,6455,4453
"AMN1",340,261,377,458,446,123
"LINC02212",1,0,0,0,0,0
"TRIM64C",0,0,0,0,0,0
"PAIP2",2679,2185,2988,3077,2946,1386
"GBX2",0,2,0,2,13,2
"IL17RB",71,103,87,128,140,103
"MIR1305",0,0,0,0,0,0
"TAS2R13",0,4,1,0,4,4
"PTENP1",540,435,394,518,673,224
"LPGAT1",3225,3159,3396,3351,4360,2899
"LINC02181",0,0,0,4,4,2
"PTCRA",10,2,0,13,4,6
"PADI1",2,2,6,22,23,20
"C18orf8",766,1316,1674,1474,1331,965
"NAA60",1841,1981,2571,3372,2453,2407
"LINC01262",0,0,0,0,0,0
"TDG",1139,844,943,1429,1648,1396
"SPIB",6,1,0,14,56,124
"LRRC15",92,70,10,32,118,103
"DUSP2",185,64,543,378,401,404
"NRBP2",7088,3816,7562,10403,12087,13573
"TNRC18",6093,8827,19024,18460,13928,10595
"COG5",1884,2139,2256,2264,2440,1657
"MICALL2",2074,2324,2728,3078,2864,3686
"KCNIP3",517,736,1349,641,1660,803
"S100A14",105,33,24,32,20,54
"TFPT",473,394,587,681,338,440
"ZNF318",2175,1564,2417,2712,2932,2874
"CFDP1",1584,2461,3614,2316,1984,1098
"TXNDC8",0,0,0,0,0,0
"DEFB122",0,0,0,0,0,0
"TIMMDC1",5289,2489,3284,2922,3292,2327
"EIF2S2",3373,4744,4180,4063,4057,2955
"ZNF662",1006,536,535,864,1823,1376
"MIR4292",0,0,0,0,0,0
"RCVRN",39,2,7,1,89,32
"ENC1",1505,510,619,747,4257,777
"DLGAP1",71,94,217,147,63,22
"STARD3",2953,2150,2739,3328,3503,3217
"GOLGA6L2",2,0,2,4,0,0
"LINC01587",0,0,0,0,4,3
"NLGN2",2528,6606,6387,6339,5536,7872
"HOXC13",0,0,0,0,0,0
"ADGRG2",429,305,289,89,1489,166
"LMO1",23,4,0,0,8,20
"PRF1",192,64,136,212,225,568
"SFT2D1",1518,1385,1693,1536,2088,1579
"SNORD115-5",0,0,0,0,0,0
"PIGP",877,587,663,1377,1120,467
"LOC103312105",0,0,0,0,0,0
"GML",0,0,0,0,0,0
"ORAI3",1019,749,1322,2382,1655,1379
"ZAP70",208,153,100,408,227,866
"ZKSCAN7",254,246,239,332,338,307
"EFTUD2",3103,3984,4161,2843,3711,3302
"SNORA74D",0,0,0,0,0,0
"MORN2",506,373,362,404,376,214
"TRAF6",944,601,937,1109,1160,809
"OSR2",1291,453,458,1044,1904,1440
"RGS7",2,0,1,2,12,0
"CPNE5",2884,148,150,128,553,495
"KBTBD8",262,18,24,46,76,88
"NUDT5",1227,1410,1897,1873,2221,2097
"KLHL24",4678,974,1744,4323,4665,1831
